Workbook

Sheet Instructions
A2: JOBPLANNER → ALLEATO COMMITMENT CONVERTER
A4: This workbook helps you convert your JobPlanner commitment export into Alleato's import format.
A6: HOW TO USE
A9: STEP 1: Paste your JobPlanner CSV data into the 'JobPlanner Data' sheet
A10: - Open your JobPlanner export CSV file
A11: - Copy the entire contents (all columns and rows)
A12: - Paste into the 'JobPlanner Data' sheet starting at cell A1
A14: STEP 2: Create a Company Lookup table in the 'Company Lookup' sheet
A15: - Column A: Vendor names (from your JobPlanner data)
A16: - Column B: Company UUIDs (from Alleato Directory → Companies)
A17: - This maps vendor names to their Alleato company IDs
A19: STEP 3: The 'Transformation' sheet will auto-convert your data
... A36: COLUMN MAPPING
A37: JobPlanner Column | B37: Maps To | C37: Transformation
A38: Number | B38: Number | C38: Direct copy
A39: Type | B39: Type | C39: Direct copy (lowercase)
A40: Contracted Company | B40: Company ID | C40: VLOOKUP from Company Lookup table
A41: Title | B41: Title | C41: Use this if not blank; otherwise use Category column
A42: Cost Code (col 5) | B42: Budget Code | C42: Goes to SOV Items sheet
A43: Category (col 6) | B43: Description | C43: Used if Title is blank
A44: Amount | B44: Original Amount | C44: Remove $ and commas
A45: Retainage | B45: Retention Percentage | C45: Direct copy
A46: Contract Date | B46: Contract Date | C46: Convert MM/DD/YYYY to YYYY-MM-DD
A47: Status | B47: Status | C47: Convert to lowercase
A48: Description | B48: Description | C48: Direct copy
... A52: Exclusions | B52: Exclusions | C52: Direct copy

Sheet Company Lookup
A1: Vendor Name from JobPlanner | B1: Company UUID from Alleato
A2: ← Paste vendor names here | Paste UUIDs here →
A3: C&S Heating & Cooling Inc.
A4: Casework Concepts LLC
A5: Central Indiana Hardware, CO, Inc
A6: Superior Contractors Inc
A7: Deem, LLC
A8: Justin Dorsey Plumbing
A9: EURO Plastering
A10: Steel Services, Inc
A11: Bul-Tec Roofing
A12: KLEENIT GROUP INC.
A13: Inline Painting LLC
... A20: Apex Glass LLC

Sheet JobPlanner Data
A1: ← Paste your entire JobPlanner CSV export here
A2: Number | B2: Type | C2: Contracted Company | D2: Title | E2: Col5 | F2: Col6 | G2: Amount | H2: Retainage | I2: Contract Date | J2: Status | K2: Created | L2: Description | M2: Delivery | N2: Start | O2: Inclusions | P2: Exclusions | Q2: Est. Complete | R2: Act. Complete | S2: Signed Date | T2: Execution Date | U2: Issued On | V2: Returned On | W2: Payment Terms | X2: Shipping Info

Sheet Transformation
A1: Number | B1: Type | C1: Title | D1: Status | E1: Company ID | F1: Original Amount | G1: Accounting Method | H1: Description | I1: Retention Percentage | J1: Start Date | K1: Est. Completion Date | L1: Contract Date | M1: Signed Date | N1: Actual Completion Date | O1: Issued On Date | P1: Inclusions | Q1: Exclusions
A2: =IF('JobPlanner Data'!A3="","",IF(ISBLANK('JobPlanner Data'!A3),"",'JobPlanner Data'!A3)) | B2: =IF('JobPlanner Data'!B3="","",LOWER('JobPlanner Data'!B3)) | C2: =IF('JobPlanner Data'!D3<>"","JobPlanner Data'!D3,IF('JobPlanner Data'!F3<>"","JobPlanner Data'!F3,"")) | D2: =IF('JobPlanner Data'!J3="","",LOWER('JobPlanner Data'!J3)) | E2: =IF('JobPlanner Data'!C3="","",IFERROR(VLOOKUP('JobPlanner Data'!C3,'Company Lookup'!A:B,2,FALSE),"[NOT FOUND]")) | F2: =IF('JobPlanner Data'!G3="","",VALUE(SUBSTITUTE(SUBSTITUTE('JobPlanner Data'!G3,"$",""),",",""))) | G2: ="amount" | H2: =IF('JobPlanner Data'!L3="","","JobPlanner Data'!L3) | I2: =IF('JobPlanner Data'!H3="","","JobPlanner Data'!H3) | J2: =IF('JobPlanner Data'!N3="","",IF(ISNUMBER('JobPlanner Data'!N3),TEXT('JobPlanner Data'!N3,"YYYY-MM-DD"),"")) | K2: =IF('JobPlanner Data'!Q3="","",IF(ISNUMBER('JobPlanner Data'!Q3),TEXT('JobPlanner Data'!Q3,"YYYY-MM-DD"),"")) | L2: =IF('JobPlanner Data'!I3<>"",IF(ISNUMBER('JobPlanner Data'!I3),TEXT('JobPlanner Data'!I3,"YYYY-MM-DD"),""),IF('JobPlanner Data'!T3<>"",IF(ISNUMBER('JobPlanner Data'!T3),TEXT('JobPlanner Data'!T3,"YYYY-MM-DD"),""),"")) | M2: =IF('JobPlanner Data'!S3="","",IF(ISNUMBER('JobPlanner Data'!S3),TEXT('JobPlanner Data'!S3,"YYYY-MM-DD"),"")) | N2: =IF('JobPlanner Data'!R3="","",IF(ISNUMBER('JobPlanner Data'!R3),TEXT('JobPlanner Data'!R3,"YYYY-MM-DD"),"")) | O2: =IF('JobPlanner Data'!U3="","",IF(ISNUMBER('JobPlanner Data'!U3),TEXT('JobPlanner Data'!U3,"YYYY-MM-DD"),"")) | P2: =IF('JobPlanner Data'!O3="","","JobPlanner Data'!O3) | Q2: =IF('JobPlanner Data'!P3="","","JobPlanner Data'!P3)
A3: =IF('JobPlanner Data'!A4="","",IF(ISBLANK('JobPlanner Data'!A4),"",'JobPlanner Data'!A4)) | B3: =IF('JobPlanner Data'!B4="","",LOWER('JobPlanner Data'!B4)) | C3: =IF('JobPlanner Data'!D4<>"","JobPlanner Data'!D4,IF('JobPlanner Data'!F4<>"","JobPlanner Data'!F4,"")) | D3: =IF('JobPlanner Data'!J4="","",LOWER('JobPlanner Data'!J4)) | E3: =IF('JobPlanner Data'!C4="","",IFERROR(VLOOKUP('JobPlanner Data'!C4,'Company Lookup'!A:B,2,FALSE),"[NOT FOUND]")) | F3: =IF('JobPlanner Data'!G4="","",VALUE(SUBSTITUTE(SUBSTITUTE('JobPlanner Data'!G4,"$",""),",",""))) | G3: ="amount" | H3: =IF('JobPlanner Data'!L4="","","JobPlanner Data'!L4) | I3: =IF('JobPlanner Data'!H4="","","JobPlanner Data'!H4) | J3: =IF('JobPlanner Data'!N4="","",IF(ISNUMBER('JobPlanner Data'!N4),TEXT('JobPlanner Data'!N4,"YYYY-MM-DD"),"")) | K3: =IF('JobPlanner Data'!Q4="","",IF(ISNUMBER('JobPlanner Data'!Q4),TEXT('JobPlanner Data'!Q4,"YYYY-MM-DD"),"")) | L3: =IF('JobPlanner Data'!I4<>"",IF(ISNUMBER('JobPlanner Data'!I4),TEXT('JobPlanner Data'!I4,"YYYY-MM-DD"),""),IF('JobPlanner Data'!T4<>"",IF(ISNUMBER('JobPlanner Data'!T4),TEXT('JobPlanner Data'!T4,"YYYY-MM-DD"),""),"")) | M3: =IF('JobPlanner Data'!S4="","",IF(ISNUMBER('JobPlanner Data'!S4),TEXT('JobPlanner Data'!S4,"YYYY-MM-DD"),"")) | N3: =IF('JobPlanner Data'!R4="","",IF(ISNUMBER('JobPlanner Data'!R4),TEXT('JobPlanner Data'!R4,"YYYY-MM-DD"),"")) | O3: =IF('JobPlanner Data'!U4="","",IF(ISNUMBER('JobPlanner Data'!U4),TEXT('JobPlanner Data'!U4,"YYYY-MM-DD"),"")) | P3: =IF('JobPlanner Data'!O4="","","JobPlanner Data'!O4) | Q3: =IF('JobPlanner Data'!P4="","","JobPlanner Data'!P4)
A4: =IF('JobPlanner Data'!A5="","",IF(ISBLANK('JobPlanner Data'!A5),"",'JobPlanner Data'!A5)) | B4: =IF('JobPlanner Data'!B5="","",LOWER('JobPlanner Data'!B5)) | C4: =IF('JobPlanner Data'!D5<>"","JobPlanner Data'!D5,IF('JobPlanner Data'!F5<>"","JobPlanner Data'!F5,"")) | D4: =IF('JobPlanner Data'!J5="","",LOWER('JobPlanner Data'!J5)) | E4: =IF('JobPlanner Data'!C5="","",IFERROR(VLOOKUP('JobPlanner Data'!C5,'Company Lookup'!A:B,2,FALSE),"[NOT FOUND]")) | F4: =IF('JobPlanner Data'!G5="","",VALUE(SUBSTITUTE(SUBSTITUTE('JobPlanner Data'!G5,"$",""),",",""))) | G4: ="amount" | H4: =IF('JobPlanner Data'!L5="","","JobPlanner Data'!L5) | I4: =IF('JobPlanner Data'!H5="","","JobPlanner Data'!H5) | J4: =IF('JobPlanner Data'!N5="","",IF(ISNUMBER('JobPlanner Data'!N5),TEXT('JobPlanner Data'!N5,"YYYY-MM-DD"),"")) | K4: =IF('JobPlanner Data'!Q5="","",IF(ISNUMBER('JobPlanner Data'!Q5),TEXT('JobPlanner Data'!Q5,"YYYY-MM-DD"),"")) | L4: =IF('JobPlanner Data'!I5<>"",IF(ISNUMBER('JobPlanner Data'!I5),TEXT('JobPlanner Data'!I5,"YYYY-MM-DD"),""),IF('JobPlanner Data'!T5<>"",IF(ISNUMBER('JobPlanner Data'!T5),TEXT('JobPlanner Data'!T5,"YYYY-MM-DD"),""),"")) | M4: =IF('JobPlanner Data'!S5="","",IF(ISNUMBER('JobPlanner Data'!S5),TEXT('JobPlanner Data'!S5,"YYYY-MM-DD"),"")) | N4: =IF('JobPlanner Data'!R5="","",IF(ISNUMBER('JobPlanner Data'!R5),TEXT('JobPlanner Data'!R5,"YYYY-MM-DD"),"")) | O4: =IF('JobPlanner Data'!U5="","",IF(ISNUMBER('JobPlanner Data'!U5),TEXT('JobPlanner Data'!U5,"YYYY-MM-DD"),"")) | P4: =IF('JobPlanner Data'!O5="","","JobPlanner Data'!O5) | Q4: =IF('JobPlanner Data'!P5="","","JobPlanner Data'!P5)
A5: =IF('JobPlanner Data'!A6="","",IF(ISBLANK('JobPlanner Data'!A6),"",'JobPlanner Data'!A6)) | B5: =IF('JobPlanner Data'!B6="","",LOWER('JobPlanner Data'!B6)) | C5: =IF('JobPlanner Data'!D6<>"","JobPlanner Data'!D6,IF('JobPlanner Data'!F6<>"","JobPlanner Data'!F6,"")) | D5: =IF('JobPlanner Data'!J6="","",LOWER('JobPlanner Data'!J6)) | E5: =IF('JobPlanner Data'!C6="","",IFERROR(VLOOKUP('JobPlanner Data'!C6,'Company Lookup'!A:B,2,FALSE),"[NOT FOUND]")) | F5: =IF('JobPlanner Data'!G6="","",VALUE(SUBSTITUTE(SUBSTITUTE('JobPlanner Data'!G6,"$",""),",",""))) | G5: ="amount" | H5: =IF('JobPlanner Data'!L6="","","JobPlanner Data'!L6) | I5: =IF('JobPlanner Data'!H6="","","JobPlanner Data'!H6) | J5: =IF('JobPlanner Data'!N6="","",IF(ISNUMBER('JobPlanner Data'!N6),TEXT('JobPlanner Data'!N6,"YYYY-MM-DD"),"")) | K5: =IF('JobPlanner Data'!Q6="","",IF(ISNUMBER('JobPlanner Data'!Q6),TEXT('JobPlanner Data'!Q6,"YYYY-MM-DD"),"")) | L5: =IF('JobPlanner Data'!I6<>"",IF(ISNUMBER('JobPlanner Data'!I6),TEXT('JobPlanner Data'!I6,"YYYY-MM-DD"),""),IF('JobPlanner Data'!T6<>"",IF(ISNUMBER('JobPlanner Data'!T6),TEXT('JobPlanner Data'!T6,"YYYY-MM-DD"),""),"")) | M5: =IF('JobPlanner Data'!S6="","",IF(ISNUMBER('JobPlanner Data'!S6),TEXT('JobPlanner Data'!S6,"YYYY-MM-DD"),"")) | N5: =IF('JobPlanner Data'!R6="","",IF(ISNUMBER('JobPlanner Data'!R6),TEXT('JobPlanner Data'!R6,"YYYY-MM-DD"),"")) | O5: =IF('JobPlanner Data'!U6="","",IF(ISNUMBER('JobPlanner Data'!U6),TEXT('JobPlanner Data'!U6,"YYYY-MM-DD"),"")) | P5: =IF('JobPlanner Data'!O6="","","JobPlanner Data'!O6) | Q5: =IF('JobPlanner Data'!P6="","","JobPlanner Data'!P6)
A6: =IF('JobPlanner Data'!A7="","",IF(ISBLANK('JobPlanner Data'!A7),"",'JobPlanner Data'!A7)) | B6: =IF('JobPlanner Data'!B7="","",LOWER('JobPlanner Data'!B7)) | C6: =IF('JobPlanner Data'!D7<>"","JobPlanner Data'!D7,IF('JobPlanner Data'!F7<>"","JobPlanner Data'!F7,"")) | D6: =IF('JobPlanner Data'!J7="","",LOWER('JobPlanner Data'!J7)) | E6: =IF('JobPlanner Data'!C7="","",IFERROR(VLOOKUP('JobPlanner Data'!C7,'Company Lookup'!A:B,2,FALSE),"[NOT FOUND]")) | F6: =IF('JobPlanner Data'!G7="","",VALUE(SUBSTITUTE(SUBSTITUTE('JobPlanner Data'!G7,"$",""),",",""))) | G6: ="amount" | H6: =IF('JobPlanner Data'!L7="","","JobPlanner Data'!L7) | I6: =IF('JobPlanner Data'!H7="","","JobPlanner Data'!H7) | J6: =IF('JobPlanner Data'!N7="","",IF(ISNUMBER('JobPlanner Data'!N7),TEXT('JobPlanner Data'!N7,"YYYY-MM-DD"),"")) | K6: =IF('JobPlanner Data'!Q7="","",IF(ISNUMBER('JobPlanner Data'!Q7),TEXT('JobPlanner Data'!Q7,"YYYY-MM-DD"),"")) | L6: =IF('JobPlanner Data'!I7<>"",IF(ISNUMBER('JobPlanner Data'!I7),TEXT('JobPlanner Data'!I7,"YYYY-MM-DD"),""),IF('JobPlanner Data'!T7<>"",IF(ISNUMBER('JobPlanner Data'!T7),TEXT('JobPlanner Data'!T7,"YYYY-MM-DD"),""),"")) | M6: =IF('JobPlanner Data'!S7="","",IF(ISNUMBER('JobPlanner Data'!S7),TEXT('JobPlanner Data'!S7,"YYYY-MM-DD"),"")) | N6: =IF('JobPlanner Data'!R7="","",IF(ISNUMBER('JobPlanner Data'!R7),TEXT('JobPlanner Data'!R7,"YYYY-MM-DD"),"")) | O6: =IF('JobPlanner Data'!U7="","",IF(ISNUMBER('JobPlanner Data'!U7),TEXT('JobPlanner Data'!U7,"YYYY-MM-DD"),"")) | P6: =IF('JobPlanner Data'!O7="","","JobPlanner Data'!O7) | Q6: =IF('JobPlanner Data'!P7="","","JobPlanner Data'!P7)
A7: =IF('JobPlanner Data'!A8="","",IF(ISBLANK('JobPlanner Data'!A8),"",'JobPlanner Data'!A8)) | B7: =IF('JobPlanner Data'!B8="","",LOWER('JobPlanner Data'!B8)) | C7: =IF('JobPlanner Data'!D8<>"","JobPlanner Data'!D8,IF('JobPlanner Data'!F8<>"","JobPlanner Data'!F8,"")) | D7: =IF('JobPlanner Data'!J8="","",LOWER('JobPlanner Data'!J8)) | E7: =IF('JobPlanner Data'!C8="","",IFERROR(VLOOKUP('JobPlanner Data'!C8,'Company Lookup'!A:B,2,FALSE),"[NOT FOUND]")) | F7: =IF('JobPlanner Data'!G8="","",VALUE(SUBSTITUTE(SUBSTITUTE('JobPlanner Data'!G8,"$",""),",",""))) | G7: ="amount" | H7: =IF('JobPlanner Data'!L8="","","JobPlanner Data'!L8) | I7: =IF('JobPlanner Data'!H8="","","JobPlanner Data'!H8) | J7: =IF('JobPlanner Data'!N8="","",IF(ISNUMBER('JobPlanner Data'!N8),TEXT('JobPlanner Data'!N8,"YYYY-MM-DD"),"")) | K7: =IF('JobPlanner Data'!Q8="","",IF(ISNUMBER('JobPlanner Data'!Q8),TEXT('JobPlanner Data'!Q8,"YYYY-MM-DD"),"")) | L7: =IF('JobPlanner Data'!I8<>"",IF(ISNUMBER('JobPlanner Data'!I8),TEXT('JobPlanner Data'!I8,"YYYY-MM-DD"),""),IF('JobPlanner Data'!T8<>"",IF(ISNUMBER('JobPlanner Data'!T8),TEXT('JobPlanner Data'!T8,"YYYY-MM-DD"),""),"")) | M7: =IF('JobPlanner Data'!S8="","",IF(ISNUMBER('JobPlanner Data'!S8),TEXT('JobPlanner Data'!S8,"YYYY-MM-DD"),"")) | N7: =IF('JobPlanner Data'!R8="","",IF(ISNUMBER('JobPlanner Data'!R8),TEXT('JobPlanner Data'!R8,"YYYY-MM-DD"),"")) | O7: =IF('JobPlanner Data'!U8="","",IF(ISNUMBER('JobPlanner Data'!U8),TEXT('JobPlanner Data'!U8,"YYYY-MM-DD"),"")) | P7: =IF('JobPlanner Data'!O8="","","JobPlanner Data'!O8) | Q7: =IF('JobPlanner Data'!P8="","","JobPlanner Data'!P8)
A8: =IF('JobPlanner Data'!A9="","",IF(ISBLANK('JobPlanner Data'!A9),"",'JobPlanner Data'!A9)) | B8: =IF('JobPlanner Data'!B9="","",LOWER('JobPlanner Data'!B9)) | C8: =IF('JobPlanner Data'!D9<>"","JobPlanner Data'!D9,IF('JobPlanner Data'!F9<>"","JobPlanner Data'!F9,"")) | D8: =IF('JobPlanner Data'!J9="","",LOWER('JobPlanner Data'!J9)) | E8: =IF('JobPlanner Data'!C9="","",IFERROR(VLOOKUP('JobPlanner Data'!C9,'Company Lookup'!A:B,2,FALSE),"[NOT FOUND]")) | F8: =IF('JobPlanner Data'!G9="","",VALUE(SUBSTITUTE(SUBSTITUTE('JobPlanner Data'!G9,"$",""),",",""))) | G8: ="amount" | H8: =IF('JobPlanner Data'!L9="","","JobPlanner Data'!L9) | I8: =IF('JobPlanner Data'!H9="","","JobPlanner Data'!H9) | J8: =IF('JobPlanner Data'!N9="","",IF(ISNUMBER('JobPlanner Data'!N9),TEXT('JobPlanner Data'!N9,"YYYY-MM-DD"),"")) | K8: =IF('JobPlanner Data'!Q9="","",IF(ISNUMBER('JobPlanner Data'!Q9),TEXT('JobPlanner Data'!Q9,"YYYY-MM-DD"),"")) | L8: =IF('JobPlanner Data'!I9<>"",IF(ISNUMBER('JobPlanner Data'!I9),TEXT('JobPlanner Data'!I9,"YYYY-MM-DD"),""),IF('JobPlanner Data'!T9<>"",IF(ISNUMBER('JobPlanner Data'!T9),TEXT('JobPlanner Data'!T9,"YYYY-MM-DD"),""),"")) | M8: =IF('JobPlanner Data'!S9="","",IF(ISNUMBER('JobPlanner Data'!S9),TEXT('JobPlanner Data'!S9,"YYYY-MM-DD"),"")) | N8: =IF('JobPlanner Data'!R9="","",IF(ISNUMBER('JobPlanner Data'!R9),TEXT('JobPlanner Data'!R9,"YYYY-MM-DD"),"")) | O8: =IF('JobPlanner Data'!U9="","",IF(ISNUMBER('JobPlanner Data'!U9),TEXT('JobPlanner Data'!U9,"YYYY-MM-DD"),"")) | P8: =IF('JobPlanner Data'!O9="","","JobPlanner Data'!O9) | Q8: =IF('JobPlanner Data'!P9="","","JobPlanner Data'!P9)
A9: =IF('JobPlanner Data'!A10="","",IF(ISBLANK('JobPlanner Data'!A10),"",'JobPlanner Data'!A10)) | B9: =IF('JobPlanner Data'!B10="","",LOWER('JobPlanner Data'!B10)) | C9: =IF('JobPlanner Data'!D10<>"","JobPlanner Data'!D10,IF('JobPlanner Data'!F10<>"","JobPlanner Data'!F10,"")) | D9: =IF('JobPlanner Data'!J10="","",LOWER('JobPlanner Data'!J10)) | E9: =IF('JobPlanner Data'!C10="","",IFERROR(VLOOKUP('JobPlanner Data'!C10,'Company Lookup'!A:B,2,FALSE),"[NOT FOUND]")) | F9: =IF('JobPlanner Data'!G10="","",VALUE(SUBSTITUTE(SUBSTITUTE('JobPlanner Data'!G10,"$",""),",",""))) | G9: ="amount" | H9: =IF('JobPlanner Data'!L10="","","JobPlanner Data'!L10) | I9: =IF('JobPlanner Data'!H10="","","JobPlanner Data'!H10) | J9: =IF('JobPlanner Data'!N10="","",IF(ISNUMBER('JobPlanner Data'!N10),TEXT('JobPlanner Data'!N10,"YYYY-MM-DD"),"")) | K9: =IF('JobPlanner Data'!Q10="","",IF(ISNUMBER('JobPlanner Data'!Q10),TEXT('JobPlanner Data'!Q10,"YYYY-MM-DD"),"")) | L9: =IF('JobPlanner Data'!I10<>"",IF(ISNUMBER('JobPlanner Data'!I10),TEXT('JobPlanner Data'!I10,"YYYY-MM-DD"),""),IF('JobPlanner Data'!T10<>"",IF(ISNUMBER('JobPlanner Data'!T10),TEXT('JobPlanner Data'!T10,"YYYY-MM-DD"),""),"")) | M9: =IF('JobPlanner Data'!S10="","",IF(ISNUMBER('JobPlanner Data'!S10),TEXT('JobPlanner Data'!S10,"YYYY-MM-DD"),"")) | N9: =IF('JobPlanner Data'!R10="","",IF(ISNUMBER('JobPlanner Data'!R10),TEXT('JobPlanner Data'!R10,"YYYY-MM-DD"),"")) | O9: =IF('JobPlanner Data'!U10="","",IF(ISNUMBER('JobPlanner Data'!U10),TEXT('JobPlanner Data'!U10,"YYYY-MM-DD"),"")) | P9: =IF('JobPlanner Data'!O10="","","JobPlanner Data'!O10) | Q9: =IF('JobPlanner Data'!P10="","","JobPlanner Data'!P10)
A10: =IF('JobPlanner Data'!A11="","",IF(ISBLANK('JobPlanner Data'!A11),"",'JobPlanner Data'!A11)) | B10: =IF('JobPlanner Data'!B11="","",LOWER('JobPlanner Data'!B11)) | C10: =IF('JobPlanner Data'!D11<>"","JobPlanner Data'!D11,IF('JobPlanner Data'!F11<>"","JobPlanner Data'!F11,"")) | D10: =IF('JobPlanner Data'!J11="","",LOWER('JobPlanner Data'!J11)) | E10: =IF('JobPlanner Data'!C11="","",IFERROR(VLOOKUP('JobPlanner Data'!C11,'Company Lookup'!A:B,2,FALSE),"[NOT FOUND]")) | F10: =IF('JobPlanner Data'!G11="","",VALUE(SUBSTITUTE(SUBSTITUTE('JobPlanner Data'!G11,"$",""),",",""))) | G10: ="amount" | H10: =IF('JobPlanner Data'!L11="","","JobPlanner Data'!L11) | I10: =IF('JobPlanner Data'!H11="","","JobPlanner Data'!H11) | J10: =IF('JobPlanner Data'!N11="","",IF(ISNUMBER('JobPlanner Data'!N11),TEXT('JobPlanner Data'!N11,"YYYY-MM-DD"),"")) | K10: =IF('JobPlanner Data'!Q11="","",IF(ISNUMBER('JobPlanner Data'!Q11),TEXT('JobPlanner Data'!Q11,"YYYY-MM-DD"),"")) | L10: =IF('JobPlanner Data'!I11<>"",IF(ISNUMBER('JobPlanner Data'!I11),TEXT('JobPlanner Data'!I11,"YYYY-MM-DD"),""),IF('JobPlanner Data'!T11<>"",IF(ISNUMBER('JobPlanner Data'!T11),TEXT('JobPlanner Data'!T11,"YYYY-MM-DD"),""),"")) | M10: =IF('JobPlanner Data'!S11="","",IF(ISNUMBER('JobPlanner Data'!S11),TEXT('JobPlanner Data'!S11,"YYYY-MM-DD"),"")) | N10: =IF('JobPlanner Data'!R11="","",IF(ISNUMBER('JobPlanner Data'!R11),TEXT('JobPlanner Data'!R11,"YYYY-MM-DD"),"")) | O10: =IF('JobPlanner Data'!U11="","",IF(ISNUMBER('JobPlanner Data'!U11),TEXT('JobPlanner Data'!U11,"YYYY-MM-DD"),"")) | P10: =IF('JobPlanner Data'!O11="","","JobPlanner Data'!O11) | Q10: =IF('JobPlanner Data'!P11="","","JobPlanner Data'!P11)
A11: =IF('JobPlanner Data'!A12="","",IF(ISBLANK('JobPlanner Data'!A12),"",'JobPlanner Data'!A12)) | B11: =IF('JobPlanner Data'!B12="","",LOWER('JobPlanner Data'!B12)) | C11: =IF('JobPlanner Data'!D12<>"","JobPlanner Data'!D12,IF('JobPlanner Data'!F12<>"","JobPlanner Data'!F12,"")) | D11: =IF('JobPlanner Data'!J12="","",LOWER('JobPlanner Data'!J12)) | E11: =IF('JobPlanner Data'!C12="","",IFERROR(VLOOKUP('JobPlanner Data'!C12,'Company Lookup'!A:B,2,FALSE),"[NOT FOUND]")) | F11: =IF('JobPlanner Data'!G12="","",VALUE(SUBSTITUTE(SUBSTITUTE('JobPlanner Data'!G12,"$",""),",",""))) | G11: ="amount" | H11: =IF('JobPlanner Data'!L12="","","JobPlanner Data'!L12) | I11: =IF('JobPlanner Data'!H12="","","JobPlanner Data'!H12) | J11: =IF('JobPlanner Data'!N12="","",IF(ISNUMBER('JobPlanner Data'!N12),TEXT('JobPlanner Data'!N12,"YYYY-MM-DD"),"")) | K11: =IF('JobPlanner Data'!Q12="","",IF(ISNUMBER('JobPlanner Data'!Q12),TEXT('JobPlanner Data'!Q12,"YYYY-MM-DD"),"")) | L11: =IF('JobPlanner Data'!I12<>"",IF(ISNUMBER('JobPlanner Data'!I12),TEXT('JobPlanner Data'!I12,"YYYY-MM-DD"),""),IF('JobPlanner Data'!T12<>"",IF(ISNUMBER('JobPlanner Data'!T12),TEXT('JobPlanner Data'!T12,"YYYY-MM-DD"),""),"")) | M11: =IF('JobPlanner Data'!S12="","",IF(ISNUMBER('JobPlanner Data'!S12),TEXT('JobPlanner Data'!S12,"YYYY-MM-DD"),"")) | N11: =IF('JobPlanner Data'!R12="","",IF(ISNUMBER('JobPlanner Data'!R12),TEXT('JobPlanner Data'!R12,"YYYY-MM-DD"),"")) | O11: =IF('JobPlanner Data'!U12="","",IF(ISNUMBER('JobPlanner Data'!U12),TEXT('JobPlanner Data'!U12,"YYYY-MM-DD"),"")) | P11: =IF('JobPlanner Data'!O12="","","JobPlanner Data'!O12) | Q11: =IF('JobPlanner Data'!P12="","","JobPlanner Data'!P12)
A12: =IF('JobPlanner Data'!A13="","",IF(ISBLANK('JobPlanner Data'!A13),"",'JobPlanner Data'!A13)) | B12: =IF('JobPlanner Data'!B13="","",LOWER('JobPlanner Data'!B13)) | C12: =IF('JobPlanner Data'!D13<>"","JobPlanner Data'!D13,IF('JobPlanner Data'!F13<>"","JobPlanner Data'!F13,"")) | D12: =IF('JobPlanner Data'!J13="","",LOWER('JobPlanner Data'!J13)) | E12: =IF('JobPlanner Data'!C13="","",IFERROR(VLOOKUP('JobPlanner Data'!C13,'Company Lookup'!A:B,2,FALSE),"[NOT FOUND]")) | F12: =IF('JobPlanner Data'!G13="","",VALUE(SUBSTITUTE(SUBSTITUTE('JobPlanner Data'!G13,"$",""),",",""))) | G12: ="amount" | H12: =IF('JobPlanner Data'!L13="","","JobPlanner Data'!L13) | I12: =IF('JobPlanner Data'!H13="","","JobPlanner Data'!H13) | J12: =IF('JobPlanner Data'!N13="","",IF(ISNUMBER('JobPlanner Data'!N13),TEXT('JobPlanner Data'!N13,"YYYY-MM-DD"),"")) | K12: =IF('JobPlanner Data'!Q13="","",IF(ISNUMBER('JobPlanner Data'!Q13),TEXT('JobPlanner Data'!Q13,"YYYY-MM-DD"),"")) | L12: =IF('JobPlanner Data'!I13<>"",IF(ISNUMBER('JobPlanner Data'!I13),TEXT('JobPlanner Data'!I13,"YYYY-MM-DD"),""),IF('JobPlanner Data'!T13<>"",IF(ISNUMBER('JobPlanner Data'!T13),TEXT('JobPlanner Data'!T13,"YYYY-MM-DD"),""),"")) | M12: =IF('JobPlanner Data'!S13="","",IF(ISNUMBER('JobPlanner Data'!S13),TEXT('JobPlanner Data'!S13,"YYYY-MM-DD"),"")) | N12: =IF('JobPlanner Data'!R13="","",IF(ISNUMBER('JobPlanner Data'!R13),TEXT('JobPlanner Data'!R13,"YYYY-MM-DD"),"")) | O12: =IF('JobPlanner Data'!U13="","",IF(ISNUMBER('JobPlanner Data'!U13),TEXT('JobPlanner Data'!U13,"YYYY-MM-DD"),"")) | P12: =IF('JobPlanner Data'!O13="","","JobPlanner Data'!O13) | Q12: =IF('JobPlanner Data'!P13="","","JobPlanner Data'!P13)
A13: =IF('JobPlanner Data'!A14="","",IF(ISBLANK('JobPlanner Data'!A14),"",'JobPlanner Data'!A14)) | B13: =IF('JobPlanner Data'!B14="","",LOWER('JobPlanner Data'!B14)) | C13: =IF('JobPlanner Data'!D14<>"","JobPlanner Data'!D14,IF('JobPlanner Data'!F14<>"","JobPlanner Data'!F14,"")) | D13: =IF('JobPlanner Data'!J14="","",LOWER('JobPlanner Data'!J14)) | E13: =IF('JobPlanner Data'!C14="","",IFERROR(VLOOKUP('JobPlanner Data'!C14,'Company Lookup'!A:B,2,FALSE),"[NOT FOUND]")) | F13: =IF('JobPlanner Data'!G14="","",VALUE(SUBSTITUTE(SUBSTITUTE('JobPlanner Data'!G14,"$",""),",",""))) | G13: ="amount" | H13: =IF('JobPlanner Data'!L14="","","JobPlanner Data'!L14) | I13: =IF('JobPlanner Data'!H14="","","JobPlanner Data'!H14) | J13: =IF('JobPlanner Data'!N14="","",IF(ISNUMBER('JobPlanner Data'!N14),TEXT('JobPlanner Data'!N14,"YYYY-MM-DD"),"")) | K13: =IF('JobPlanner Data'!Q14="","",IF(ISNUMBER('JobPlanner Data'!Q14),TEXT('JobPlanner Data'!Q14,"YYYY-MM-DD"),"")) | L13: =IF('JobPlanner Data'!I14<>"",IF(ISNUMBER('JobPlanner Data'!I14),TEXT('JobPlanner Data'!I14,"YYYY-MM-DD"),""),IF('JobPlanner Data'!T14<>"",IF(ISNUMBER('JobPlanner Data'!T14),TEXT('JobPlanner Data'!T14,"YYYY-MM-DD"),""),"")) | M13: =IF('JobPlanner Data'!S14="","",IF(ISNUMBER('JobPlanner Data'!S14),TEXT('JobPlanner Data'!S14,"YYYY-MM-DD"),"")) | N13: =IF('JobPlanner Data'!R14="","",IF(ISNUMBER('JobPlanner Data'!R14),TEXT('JobPlanner Data'!R14,"YYYY-MM-DD"),"")) | O13: =IF('JobPlanner Data'!U14="","",IF(ISNUMBER('JobPlanner Data'!U14),TEXT('JobPlanner Data'!U14,"YYYY-MM-DD"),"")) | P13: =IF('JobPlanner Data'!O14="","","JobPlanner Data'!O14) | Q13: =IF('JobPlanner Data'!P14="","","JobPlanner Data'!P14)
A14: =IF('JobPlanner Data'!A15="","",IF(ISBLANK('JobPlanner Data'!A15),"",'JobPlanner Data'!A15)) | B14: =IF('JobPlanner Data'!B15="","",LOWER('JobPlanner Data'!B15)) | C14: =IF('JobPlanner Data'!D15<>"","JobPlanner Data'!D15,IF('JobPlanner Data'!F15<>"","JobPlanner Data'!F15,"")) | D14: =IF('JobPlanner Data'!J15="","",LOWER('JobPlanner Data'!J15)) | E14: =IF('JobPlanner Data'!C15="","",IFERROR(VLOOKUP('JobPlanner Data'!C15,'Company Lookup'!A:B,2,FALSE),"[NOT FOUND]")) | F14: =IF('JobPlanner Data'!G15="","",VALUE(SUBSTITUTE(SUBSTITUTE('JobPlanner Data'!G15,"$",""),",",""))) | G14: ="amount" | H14: =IF('JobPlanner Data'!L15="","","JobPlanner Data'!L15) | I14: =IF('JobPlanner Data'!H15="","","JobPlanner Data'!H15) | J14: =IF('JobPlanner Data'!N15="","",IF(ISNUMBER('JobPlanner Data'!N15),TEXT('JobPlanner Data'!N15,"YYYY-MM-DD"),"")) | K14: =IF('JobPlanner Data'!Q15="","",IF(ISNUMBER('JobPlanner Data'!Q15),TEXT('JobPlanner Data'!Q15,"YYYY-MM-DD"),"")) | L14: =IF('JobPlanner Data'!I15<>"",IF(ISNUMBER('JobPlanner Data'!I15),TEXT('JobPlanner Data'!I15,"YYYY-MM-DD"),""),IF('JobPlanner Data'!T15<>"",IF(ISNUMBER('JobPlanner Data'!T15),TEXT('JobPlanner Data'!T15,"YYYY-MM-DD"),""),"")) | M14: =IF('JobPlanner Data'!S15="","",IF(ISNUMBER('JobPlanner Data'!S15),TEXT('JobPlanner Data'!S15,"YYYY-MM-DD"),"")) | N14: =IF('JobPlanner Data'!R15="","",IF(ISNUMBER('JobPlanner Data'!R15),TEXT('JobPlanner Data'!R15,"YYYY-MM-DD"),"")) | O14: =IF('JobPlanner Data'!U15="","",IF(ISNUMBER('JobPlanner Data'!U15),TEXT('JobPlanner Data'!U15,"YYYY-MM-DD"),"")) | P14: =IF('JobPlanner Data'!O15="","","JobPlanner Data'!O15) | Q14: =IF('JobPlanner Data'!P15="","","JobPlanner Data'!P15)
A15: =IF('JobPlanner Data'!A16="","",IF(ISBLANK('JobPlanner Data'!A16),"",'JobPlanner Data'!A16)) | B15: =IF('JobPlanner Data'!B16="","",LOWER('JobPlanner Data'!B16)) | C15: =IF('JobPlanner Data'!D16<>"","JobPlanner Data'!D16,IF('JobPlanner Data'!F16<>"","JobPlanner Data'!F16,"")) | D15: =IF('JobPlanner Data'!J16="","",LOWER('JobPlanner Data'!J16)) | E15: =IF('JobPlanner Data'!C16="","",IFERROR(VLOOKUP('JobPlanner Data'!C16,'Company Lookup'!A:B,2,FALSE),"[NOT FOUND]")) | F15: =IF('JobPlanner Data'!G16="","",VALUE(SUBSTITUTE(SUBSTITUTE('JobPlanner Data'!G16,"$",""),",",""))) | G15: ="amount" | H15: =IF('JobPlanner Data'!L16="","","JobPlanner Data'!L16) | I15: =IF('JobPlanner Data'!H16="","","JobPlanner Data'!H16) | J15: =IF('JobPlanner Data'!N16="","",IF(ISNUMBER('JobPlanner Data'!N16),TEXT('JobPlanner Data'!N16,"YYYY-MM-DD"),"")) | K15: =IF('JobPlanner Data'!Q16="","",IF(ISNUMBER('JobPlanner Data'!Q16),TEXT('JobPlanner Data'!Q16,"YYYY-MM-DD"),"")) | L15: =IF('JobPlanner Data'!I16<>"",IF(ISNUMBER('JobPlanner Data'!I16),TEXT('JobPlanner Data'!I16,"YYYY-MM-DD"),""),IF('JobPlanner Data'!T16<>"",IF(ISNUMBER('JobPlanner Data'!T16),TEXT('JobPlanner Data'!T16,"YYYY-MM-DD"),""),"")) | M15: =IF('JobPlanner Data'!S16="","",IF(ISNUMBER('JobPlanner Data'!S16),TEXT('JobPlanner Data'!S16,"YYYY-MM-DD"),"")) | N15: =IF('JobPlanner Data'!R16="","",IF(ISNUMBER('JobPlanner Data'!R16),TEXT('JobPlanner Data'!R16,"YYYY-MM-DD"),"")) | O15: =IF('JobPlanner Data'!U16="","",IF(ISNUMBER('JobPlanner Data'!U16),TEXT('JobPlanner Data'!U16,"YYYY-MM-DD"),"")) | P15: =IF('JobPlanner Data'!O16="","","JobPlanner Data'!O16) | Q15: =IF('JobPlanner Data'!P16="","","JobPlanner Data'!P16)
A16: =IF('JobPlanner Data'!A17="","",IF(ISBLANK('JobPlanner Data'!A17),"",'JobPlanner Data'!A17)) | B16: =IF('JobPlanner Data'!B17="","",LOWER('JobPlanner Data'!B17)) | C16: =IF('JobPlanner Data'!D17<>"","JobPlanner Data'!D17,IF('JobPlanner Data'!F17<>"","JobPlanner Data'!F17,"")) | D16: =IF('JobPlanner Data'!J17="","",LOWER('JobPlanner Data'!J17)) | E16: =IF('JobPlanner Data'!C17="","",IFERROR(VLOOKUP('JobPlanner Data'!C17,'Company Lookup'!A:B,2,FALSE),"[NOT FOUND]")) | F16: =IF('JobPlanner Data'!G17="","",VALUE(SUBSTITUTE(SUBSTITUTE('JobPlanner Data'!G17,"$",""),",",""))) | G16: ="amount" | H16: =IF('JobPlanner Data'!L17="","","JobPlanner Data'!L17) | I16: =IF('JobPlanner Data'!H17="","","JobPlanner Data'!H17) | J16: =IF('JobPlanner Data'!N17="","",IF(ISNUMBER('JobPlanner Data'!N17),TEXT('JobPlanner Data'!N17,"YYYY-MM-DD"),"")) | K16: =IF('JobPlanner Data'!Q17="","",IF(ISNUMBER('JobPlanner Data'!Q17),TEXT('JobPlanner Data'!Q17,"YYYY-MM-DD"),"")) | L16: =IF('JobPlanner Data'!I17<>"",IF(ISNUMBER('JobPlanner Data'!I17),TEXT('JobPlanner Data'!I17,"YYYY-MM-DD"),""),IF('JobPlanner Data'!T17<>"",IF(ISNUMBER('JobPlanner Data'!T17),TEXT('JobPlanner Data'!T17,"YYYY-MM-DD"),""),"")) | M16: =IF('JobPlanner Data'!S17="","",IF(ISNUMBER('JobPlanner Data'!S17),TEXT('JobPlanner Data'!S17,"YYYY-MM-DD"),"")) | N16: =IF('JobPlanner Data'!R17="","",IF(ISNUMBER('JobPlanner Data'!R17),TEXT('JobPlanner Data'!R17,"YYYY-MM-DD"),"")) | O16: =IF('JobPlanner Data'!U17="","",IF(ISNUMBER('JobPlanner Data'!U17),TEXT('JobPlanner Data'!U17,"YYYY-MM-DD"),"")) | P16: =IF('JobPlanner Data'!O17="","","JobPlanner Data'!O17) | Q16: =IF('JobPlanner Data'!P17="","","JobPlanner Data'!P17)
A17: =IF('JobPlanner Data'!A18="","",IF(ISBLANK('JobPlanner Data'!A18),"",'JobPlanner Data'!A18)) | B17: =IF('JobPlanner Data'!B18="","",LOWER('JobPlanner Data'!B18)) | C17: =IF('JobPlanner Data'!D18<>"","JobPlanner Data'!D18,IF('JobPlanner Data'!F18<>"","JobPlanner Data'!F18,"")) | D17: =IF('JobPlanner Data'!J18="","",LOWER('JobPlanner Data'!J18)) | E17: =IF('JobPlanner Data'!C18="","",IFERROR(VLOOKUP('JobPlanner Data'!C18,'Company Lookup'!A:B,2,FALSE),"[NOT FOUND]")) | F17: =IF('JobPlanner Data'!G18="","",VALUE(SUBSTITUTE(SUBSTITUTE('JobPlanner Data'!G18,"$",""),",",""))) | G17: ="amount" | H17: =IF('JobPlanner Data'!L18="","","JobPlanner Data'!L18) | I17: =IF('JobPlanner Data'!H18="","","JobPlanner Data'!H18) | J17: =IF('JobPlanner Data'!N18="","",IF(ISNUMBER('JobPlanner Data'!N18),TEXT('JobPlanner Data'!N18,"YYYY-MM-DD"),"")) | K17: =IF('JobPlanner Data'!Q18="","",IF(ISNUMBER('JobPlanner Data'!Q18),TEXT('JobPlanner Data'!Q18,"YYYY-MM-DD"),"")) | L17: =IF('JobPlanner Data'!I18<>"",IF(ISNUMBER('JobPlanner Data'!I18),TEXT('JobPlanner Data'!I18,"YYYY-MM-DD"),""),IF('JobPlanner Data'!T18<>"",IF(ISNUMBER('JobPlanner Data'!T18),TEXT('JobPlanner Data'!T18,"YYYY-MM-DD"),""),"")) | M17: =IF('JobPlanner Data'!S18="","",IF(ISNUMBER('JobPlanner Data'!S18),TEXT('JobPlanner Data'!S18,"YYYY-MM-DD"),"")) | N17: =IF('JobPlanner Data'!R18="","",IF(ISNUMBER('JobPlanner Data'!R18),TEXT('JobPlanner Data'!R18,"YYYY-MM-DD"),"")) | O17: =IF('JobPlanner Data'!U18="","",IF(ISNUMBER('JobPlanner Data'!U18),TEXT('JobPlanner Data'!U18,"YYYY-MM-DD"),"")) | P17: =IF('JobPlanner Data'!O18="","","JobPlanner Data'!O18) | Q17: =IF('JobPlanner Data'!P18="","","JobPlanner Data'!P18)
A18: =IF('JobPlanner Data'!A19="","",IF(ISBLANK('JobPlanner Data'!A19),"",'JobPlanner Data'!A19)) | B18: =IF('JobPlanner Data'!B19="","",LOWER('JobPlanner Data'!B19)) | C18: =IF('JobPlanner Data'!D19<>"","JobPlanner Data'!D19,IF('JobPlanner Data'!F19<>"","JobPlanner Data'!F19,"")) | D18: =IF('JobPlanner Data'!J19="","",LOWER('JobPlanner Data'!J19)) | E18: =IF('JobPlanner Data'!C19="","",IFERROR(VLOOKUP('JobPlanner Data'!C19,'Company Lookup'!A:B,2,FALSE),"[NOT FOUND]")) | F18: =IF('JobPlanner Data'!G19="","",VALUE(SUBSTITUTE(SUBSTITUTE('JobPlanner Data'!G19,"$",""),",",""))) | G18: ="amount" | H18: =IF('JobPlanner Data'!L19="","","JobPlanner Data'!L19) | I18: =IF('JobPlanner Data'!H19="","","JobPlanner Data'!H19) | J18: =IF('JobPlanner Data'!N19="","",IF(ISNUMBER('JobPlanner Data'!N19),TEXT('JobPlanner Data'!N19,"YYYY-MM-DD"),"")) | K18: =IF('JobPlanner Data'!Q19="","",IF(ISNUMBER('JobPlanner Data'!Q19),TEXT('JobPlanner Data'!Q19,"YYYY-MM-DD"),"")) | L18: =IF('JobPlanner Data'!I19<>"",IF(ISNUMBER('JobPlanner Data'!I19),TEXT('JobPlanner Data'!I19,"YYYY-MM-DD"),""),IF('JobPlanner Data'!T19<>"",IF(ISNUMBER('JobPlanner Data'!T19),TEXT('JobPlanner Data'!T19,"YYYY-MM-DD"),""),"")) | M18: =IF('JobPlanner Data'!S19="","",IF(ISNUMBER('JobPlanner Data'!S19),TEXT('JobPlanner Data'!S19,"YYYY-MM-DD"),"")) | N18: =IF('JobPlanner Data'!R19="","",IF(ISNUMBER('JobPlanner Data'!R19),TEXT('JobPlanner Data'!R19,"YYYY-MM-DD"),"")) | O18: =IF('JobPlanner Data'!U19="","",IF(ISNUMBER('JobPlanner Data'!U19),TEXT('JobPlanner Data'!U19,"YYYY-MM-DD"),"")) | P18: =IF('JobPlanner Data'!O19="","","JobPlanner Data'!O19) | Q18: =IF('JobPlanner Data'!P19="","","JobPlanner Data'!P19)
A19: =IF('JobPlanner Data'!A20="","",IF(ISBLANK('JobPlanner Data'!A20),"",'JobPlanner Data'!A20)) | B19: =IF('JobPlanner Data'!B20="","",LOWER('JobPlanner Data'!B20)) | C19: =IF('JobPlanner Data'!D20<>"","JobPlanner Data'!D20,IF('JobPlanner Data'!F20<>"","JobPlanner Data'!F20,"")) | D19: =IF('JobPlanner Data'!J20="","",LOWER('JobPlanner Data'!J20)) | E19: =IF('JobPlanner Data'!C20="","",IFERROR(VLOOKUP('JobPlanner Data'!C20,'Company Lookup'!A:B,2,FALSE),"[NOT FOUND]")) | F19: =IF('JobPlanner Data'!G20="","",VALUE(SUBSTITUTE(SUBSTITUTE('JobPlanner Data'!G20,"$",""),",",""))) | G19: ="amount" | H19: =IF('JobPlanner Data'!L20="","","JobPlanner Data'!L20) | I19: =IF('JobPlanner Data'!H20="","","JobPlanner Data'!H20) | J19: =IF('JobPlanner Data'!N20="","",IF(ISNUMBER('JobPlanner Data'!N20),TEXT('JobPlanner Data'!N20,"YYYY-MM-DD"),"")) | K19: =IF('JobPlanner Data'!Q20="","",IF(ISNUMBER('JobPlanner Data'!Q20),TEXT('JobPlanner Data'!Q20,"YYYY-MM-DD"),"")) | L19: =IF('JobPlanner Data'!I20<>"",IF(ISNUMBER('JobPlanner Data'!I20),TEXT('JobPlanner Data'!I20,"YYYY-MM-DD"),""),IF('JobPlanner Data'!T20<>"",IF(ISNUMBER('JobPlanner Data'!T20),TEXT('JobPlanner Data'!T20,"YYYY-MM-DD"),""),"")) | M19: =IF('JobPlanner Data'!S20="","",IF(ISNUMBER('JobPlanner Data'!S20),TEXT('JobPlanner Data'!S20,"YYYY-MM-DD"),"")) | N19: =IF('JobPlanner Data'!R20="","",IF(ISNUMBER('JobPlanner Data'!R20),TEXT('JobPlanner Data'!R20,"YYYY-MM-DD"),"")) | O19: =IF('JobPlanner Data'!U20="","",IF(ISNUMBER('JobPlanner Data'!U20),TEXT('JobPlanner Data'!U20,"YYYY-MM-DD"),"")) | P19: =IF('JobPlanner Data'!O20="","","JobPlanner Data'!O20) | Q19: =IF('JobPlanner Data'!P20="","","JobPlanner Data'!P20)
A20: =IF('JobPlanner Data'!A21="","",IF(ISBLANK('JobPlanner Data'!A21),"",'JobPlanner Data'!A21)) | B20: =IF('JobPlanner Data'!B21="","",LOWER('JobPlanner Data'!B21)) | C20: =IF('JobPlanner Data'!D21<>"","JobPlanner Data'!D21,IF('JobPlanner Data'!F21<>"","JobPlanner Data'!F21,"")) | D20: =IF('JobPlanner Data'!J21="","",LOWER('JobPlanner Data'!J21)) | E20: =IF('JobPlanner Data'!C21="","",IFERROR(VLOOKUP('JobPlanner Data'!C21,'Company Lookup'!A:B,2,FALSE),"[NOT FOUND]")) | F20: =IF('JobPlanner Data'!G21="","",VALUE(SUBSTITUTE(SUBSTITUTE('JobPlanner Data'!G21,"$",""),",",""))) | G20: ="amount" | H20: =IF('JobPlanner Data'!L21="","","JobPlanner Data'!L21) | I20: =IF('JobPlanner Data'!H21="","","JobPlanner Data'!H21) | J20: =IF('JobPlanner Data'!N21="","",IF(ISNUMBER('JobPlanner Data'!N21),TEXT('JobPlanner Data'!N21,"YYYY-MM-DD"),"")) | K20: =IF('JobPlanner Data'!Q21="","",IF(ISNUMBER('JobPlanner Data'!Q21),TEXT('JobPlanner Data'!Q21,"YYYY-MM-DD"),"")) | L20: =IF('JobPlanner Data'!I21<>"",IF(ISNUMBER('JobPlanner Data'!I21),TEXT('JobPlanner Data'!I21,"YYYY-MM-DD"),""),IF('JobPlanner Data'!T21<>"",IF(ISNUMBER('JobPlanner Data'!T21),TEXT('JobPlanner Data'!T21,"YYYY-MM-DD"),""),"")) | M20: =IF('JobPlanner Data'!S21="","",IF(ISNUMBER('JobPlanner Data'!S21),TEXT('JobPlanner Data'!S21,"YYYY-MM-DD"),"")) | N20: =IF('JobPlanner Data'!R21="","",IF(ISNUMBER('JobPlanner Data'!R21),TEXT('JobPlanner Data'!R21,"YYYY-MM-DD"),"")) | O20: =IF('JobPlanner Data'!U21="","",IF(ISNUMBER('JobPlanner Data'!U21),TEXT('JobPlanner Data'!U21,"YYYY-MM-DD"),"")) | P20: =IF('JobPlanner Data'!O21="","","JobPlanner Data'!O21) | Q20: =IF('JobPlanner Data'!P21="","","JobPlanner Data'!P21)
A21: =IF('JobPlanner Data'!A22="","",IF(ISBLANK('JobPlanner Data'!A22),"",'JobPlanner Data'!A22)) | B21: =IF('JobPlanner Data'!B22="","",LOWER('JobPlanner Data'!B22)) | C21: =IF('JobPlanner Data'!D22<>"","JobPlanner Data'!D22,IF('JobPlanner Data'!F22<>"","JobPlanner Data'!F22,"")) | D21: =IF('JobPlanner Data'!J22="","",LOWER('JobPlanner Data'!J22)) | E21: =IF('JobPlanner Data'!C22="","",IFERROR(VLOOKUP('JobPlanner Data'!C22,'Company Lookup'!A:B,2,FALSE),"[NOT FOUND]")) | F21: =IF('JobPlanner Data'!G22="","",VALUE(SUBSTITUTE(SUBSTITUTE('JobPlanner Data'!G22,"$",""),",",""))) | G21: ="amount" | H21: =IF('JobPlanner Data'!L22="","","JobPlanner Data'!L22) | I21: =IF('JobPlanner Data'!H22="","","JobPlanner Data'!H22) | J21: =IF('JobPlanner Data'!N22="","",IF(ISNUMBER('JobPlanner Data'!N22),TEXT('JobPlanner Data'!N22,"YYYY-MM-DD"),"")) | K21: =IF('JobPlanner Data'!Q22="","",IF(ISNUMBER('JobPlanner Data'!Q22),TEXT('JobPlanner Data'!Q22,"YYYY-MM-DD"),"")) | L21: =IF('JobPlanner Data'!I22<>"",IF(ISNUMBER('JobPlanner Data'!I22),TEXT('JobPlanner Data'!I22,"YYYY-MM-DD"),""),IF('JobPlanner Data'!T22<>"",IF(ISNUMBER('JobPlanner Data'!T22),TEXT('JobPlanner Data'!T22,"YYYY-MM-DD"),""),"")) | M21: =IF('JobPlanner Data'!S22="","",IF(ISNUMBER('JobPlanner Data'!S22),TEXT('JobPlanner Data'!S22,"YYYY-MM-DD"),"")) | N21: =IF('JobPlanner Data'!R22="","",IF(ISNUMBER('JobPlanner Data'!R22),TEXT('JobPlanner Data'!R22,"YYYY-MM-DD"),"")) | O21: =IF('JobPlanner Data'!U22="","",IF(ISNUMBER('JobPlanner Data'!U22),TEXT('JobPlanner Data'!U22,"YYYY-MM-DD"),"")) | P21: =IF('JobPlanner Data'!O22="","","JobPlanner Data'!O22) | Q21: =IF('JobPlanner Data'!P22="","","JobPlanner Data'!P22)
A22: =IF('JobPlanner Data'!A23="","",IF(ISBLANK('JobPlanner Data'!A23),"",'JobPlanner Data'!A23)) | B22: =IF('JobPlanner Data'!B23="","",LOWER('JobPlanner Data'!B23)) | C22: =IF('JobPlanner Data'!D23<>"","JobPlanner Data'!D23,IF('JobPlanner Data'!F23<>"","JobPlanner Data'!F23,"")) | D22: =IF('JobPlanner Data'!J23="","",LOWER('JobPlanner Data'!J23)) | E22: =IF('JobPlanner Data'!C23="","",IFERROR(VLOOKUP('JobPlanner Data'!C23,'Company Lookup'!A:B,2,FALSE),"[NOT FOUND]")) | F22: =IF('JobPlanner Data'!G23="","",VALUE(SUBSTITUTE(SUBSTITUTE('JobPlanner Data'!G23,"$",""),",",""))) | G22: ="amount" | H22: =IF('JobPlanner Data'!L23="","","JobPlanner Data'!L23) | I22: =IF('JobPlanner Data'!H23="","","JobPlanner Data'!H23) | J22: =IF('JobPlanner Data'!N23="","",IF(ISNUMBER('JobPlanner Data'!N23),TEXT('JobPlanner Data'!N23,"YYYY-MM-DD"),"")) | K22: =IF('JobPlanner Data'!Q23="","",IF(ISNUMBER('JobPlanner Data'!Q23),TEXT('JobPlanner Data'!Q23,"YYYY-MM-DD"),"")) | L22: =IF('JobPlanner Data'!I23<>"",IF(ISNUMBER('JobPlanner Data'!I23),TEXT('JobPlanner Data'!I23,"YYYY-MM-DD"),""),IF('JobPlanner Data'!T23<>"",IF(ISNUMBER('JobPlanner Data'!T23),TEXT('JobPlanner Data'!T23,"YYYY-MM-DD"),""),"")) | M22: =IF('JobPlanner Data'!S23="","",IF(ISNUMBER('JobPlanner Data'!S23),TEXT('JobPlanner Data'!S23,"YYYY-MM-DD"),"")) | N22: =IF('JobPlanner Data'!R23="","",IF(ISNUMBER('JobPlanner Data'!R23),TEXT('JobPlanner Data'!R23,"YYYY-MM-DD"),"")) | O22: =IF('JobPlanner Data'!U23="","",IF(ISNUMBER('JobPlanner Data'!U23),TEXT('JobPlanner Data'!U23,"YYYY-MM-DD"),"")) | P22: =IF('JobPlanner Data'!O23="","","JobPlanner Data'!O23) | Q22: =IF('JobPlanner Data'!P23="","","JobPlanner Data'!P23)
A23: =IF('JobPlanner Data'!A24="","",IF(ISBLANK('JobPlanner Data'!A24),"",'JobPlanner Data'!A24)) | B23: =IF('JobPlanner Data'!B24="","",LOWER('JobPlanner Data'!B24)) | C23: =IF('JobPlanner Data'!D24<>"","JobPlanner Data'!D24,IF('JobPlanner Data'!F24<>"","JobPlanner Data'!F24,"")) | D23: =IF('JobPlanner Data'!J24="","",LOWER('JobPlanner Data'!J24)) | E23: =IF('JobPlanner Data'!C24="","",IFERROR(VLOOKUP('JobPlanner Data'!C24,'Company Lookup'!A:B,2,FALSE),"[NOT FOUND]")) | F23: =IF('JobPlanner Data'!G24="","",VALUE(SUBSTITUTE(SUBSTITUTE('JobPlanner Data'!G24,"$",""),",",""))) | G23: ="amount" | H23: =IF('JobPlanner Data'!L24="","","JobPlanner Data'!L24) | I23: =IF('JobPlanner Data'!H24="","","JobPlanner Data'!H24) | J23: =IF('JobPlanner Data'!N24="","",IF(ISNUMBER('JobPlanner Data'!N24),TEXT('JobPlanner Data'!N24,"YYYY-MM-DD"),"")) | K23: =IF('JobPlanner Data'!Q24="","",IF(ISNUMBER('JobPlanner Data'!Q24),TEXT('JobPlanner Data'!Q24,"YYYY-MM-DD"),"")) | L23: =IF('JobPlanner Data'!I24<>"",IF(ISNUMBER('JobPlanner Data'!I24),TEXT('JobPlanner Data'!I24,"YYYY-MM-DD"),""),IF('JobPlanner Data'!T24<>"",IF(ISNUMBER('JobPlanner Data'!T24),TEXT('JobPlanner Data'!T24,"YYYY-MM-DD"),""),"")) | M23: =IF('JobPlanner Data'!S24="","",IF(ISNUMBER('JobPlanner Data'!S24),TEXT('JobPlanner Data'!S24,"YYYY-MM-DD"),"")) | N23: =IF('JobPlanner Data'!R24="","",IF(ISNUMBER('JobPlanner Data'!R24),TEXT('JobPlanner Data'!R24,"YYYY-MM-DD"),"")) | O23: =IF('JobPlanner Data'!U24="","",IF(ISNUMBER('JobPlanner Data'!U24),TEXT('JobPlanner Data'!U24,"YYYY-MM-DD"),"")) | P23: =IF('JobPlanner Data'!O24="","","JobPlanner Data'!O24) | Q23: =IF('JobPlanner Data'!P24="","","JobPlanner Data'!P24)
A24: =IF('JobPlanner Data'!A25="","",IF(ISBLANK('JobPlanner Data'!A25),"",'JobPlanner Data'!A25)) | B24: =IF('JobPlanner Data'!B25="","",LOWER('JobPlanner Data'!B25)) | C24: =IF('JobPlanner Data'!D25<>"","JobPlanner Data'!D25,IF('JobPlanner Data'!F25<>"","JobPlanner Data'!F25,"")) | D24: =IF('JobPlanner Data'!J25="","",LOWER('JobPlanner Data'!J25)) | E24: =IF('JobPlanner Data'!C25="","",IFERROR(VLOOKUP('JobPlanner Data'!C25,'Company Lookup'!A:B,2,FALSE),"[NOT FOUND]")) | F24: =IF('JobPlanner Data'!G25="","",VALUE(SUBSTITUTE(SUBSTITUTE('JobPlanner Data'!G25,"$",""),",",""))) | G24: ="amount" | H24: =IF('JobPlanner Data'!L25="","","JobPlanner Data'!L25) | I24: =IF('JobPlanner Data'!H25="","","JobPlanner Data'!H25) | J24: =IF('JobPlanner Data'!N25="","",IF(ISNUMBER('JobPlanner Data'!N25),TEXT('JobPlanner Data'!N25,"YYYY-MM-DD"),"")) | K24: =IF('JobPlanner Data'!Q25="","",IF(ISNUMBER('JobPlanner Data'!Q25),TEXT('JobPlanner Data'!Q25,"YYYY-MM-DD"),"")) | L24: =IF('JobPlanner Data'!I25<>"",IF(ISNUMBER('JobPlanner Data'!I25),TEXT('JobPlanner Data'!I25,"YYYY-MM-DD"),""),IF('JobPlanner Data'!T25<>"",IF(ISNUMBER('JobPlanner Data'!T25),TEXT('JobPlanner Data'!T25,"YYYY-MM-DD"),""),"")) | M24: =IF('JobPlanner Data'!S25="","",IF(ISNUMBER('JobPlanner Data'!S25),TEXT('JobPlanner Data'!S25,"YYYY-MM-DD"),"")) | N24: =IF('JobPlanner Data'!R25="","",IF(ISNUMBER('JobPlanner Data'!R25),TEXT('JobPlanner Data'!R25,"YYYY-MM-DD"),"")) | O24: =IF('JobPlanner Data'!U25="","",IF(ISNUMBER('JobPlanner Data'!U25),TEXT('JobPlanner Data'!U25,"YYYY-MM-DD"),"")) | P24: =IF('JobPlanner Data'!O25="","","JobPlanner Data'!O25) | Q24: =IF('JobPlanner Data'!P25="","","JobPlanner Data'!P25)
A25: =IF('JobPlanner Data'!A26="","",IF(ISBLANK('JobPlanner Data'!A26),"",'JobPlanner Data'!A26)) | B25: =IF('JobPlanner Data'!B26="","",LOWER('JobPlanner Data'!B26)) | C25: =IF('JobPlanner Data'!D26<>"","JobPlanner Data'!D26,IF('JobPlanner Data'!F26<>"","JobPlanner Data'!F26,"")) | D25: =IF('JobPlanner Data'!J26="","",LOWER('JobPlanner Data'!J26)) | E25: =IF('JobPlanner Data'!C26="","",IFERROR(VLOOKUP('JobPlanner Data'!C26,'Company Lookup'!A:B,2,FALSE),"[NOT FOUND]")) | F25: =IF('JobPlanner Data'!G26="","",VALUE(SUBSTITUTE(SUBSTITUTE('JobPlanner Data'!G26,"$",""),",",""))) | G25: ="amount" | H25: =IF('JobPlanner Data'!L26="","","JobPlanner Data'!L26) | I25: =IF('JobPlanner Data'!H26="","","JobPlanner Data'!H26) | J25: =IF('JobPlanner Data'!N26="","",IF(ISNUMBER('JobPlanner Data'!N26),TEXT('JobPlanner Data'!N26,"YYYY-MM-DD"),"")) | K25: =IF('JobPlanner Data'!Q26="","",IF(ISNUMBER('JobPlanner Data'!Q26),TEXT('JobPlanner Data'!Q26,"YYYY-MM-DD"),"")) | L25: =IF('JobPlanner Data'!I26<>"",IF(ISNUMBER('JobPlanner Data'!I26),TEXT('JobPlanner Data'!I26,"YYYY-MM-DD"),""),IF('JobPlanner Data'!T26<>"",IF(ISNUMBER('JobPlanner Data'!T26),TEXT('JobPlanner Data'!T26,"YYYY-MM-DD"),""),"")) | M25: =IF('JobPlanner Data'!S26="","",IF(ISNUMBER('JobPlanner Data'!S26),TEXT('JobPlanner Data'!S26,"YYYY-MM-DD"),"")) | N25: =IF('JobPlanner Data'!R26="","",IF(ISNUMBER('JobPlanner Data'!R26),TEXT('JobPlanner Data'!R26,"YYYY-MM-DD"),"")) | O25: =IF('JobPlanner Data'!U26="","",IF(ISNUMBER('JobPlanner Data'!U26),TEXT('JobPlanner Data'!U26,"YYYY-MM-DD"),"")) | P25: =IF('JobPlanner Data'!O26="","","JobPlanner Data'!O26) | Q25: =IF('JobPlanner Data'!P26="","","JobPlanner Data'!P26)
A26: =IF('JobPlanner Data'!A27="","",IF(ISBLANK('JobPlanner Data'!A27),"",'JobPlanner Data'!A27)) | B26: =IF('JobPlanner Data'!B27="","",LOWER('JobPlanner Data'!B27)) | C26: =IF('JobPlanner Data'!D27<>"","JobPlanner Data'!D27,IF('JobPlanner Data'!F27<>"","JobPlanner Data'!F27,"")) | D26: =IF('JobPlanner Data'!J27="","",LOWER('JobPlanner Data'!J27)) | E26: =IF('JobPlanner Data'!C27="","",IFERROR(VLOOKUP('JobPlanner Data'!C27,'Company Lookup'!A:B,2,FALSE),"[NOT FOUND]")) | F26: =IF('JobPlanner Data'!G27="","",VALUE(SUBSTITUTE(SUBSTITUTE('JobPlanner Data'!G27,"$",""),",",""))) | G26: ="amount" | H26: =IF('JobPlanner Data'!L27="","","JobPlanner Data'!L27) | I26: =IF('JobPlanner Data'!H27="","","JobPlanner Data'!H27) | J26: =IF('JobPlanner Data'!N27="","",IF(ISNUMBER('JobPlanner Data'!N27),TEXT('JobPlanner Data'!N27,"YYYY-MM-DD"),"")) | K26: =IF('JobPlanner Data'!Q27="","",IF(ISNUMBER('JobPlanner Data'!Q27),TEXT('JobPlanner Data'!Q27,"YYYY-MM-DD"),"")) | L26: =IF('JobPlanner Data'!I27<>"",IF(ISNUMBER('JobPlanner Data'!I27),TEXT('JobPlanner Data'!I27,"YYYY-MM-DD"),""),IF('JobPlanner Data'!T27<>"",IF(ISNUMBER('JobPlanner Data'!T27),TEXT('JobPlanner Data'!T27,"YYYY-MM-DD"),""),"")) | M26: =IF('JobPlanner Data'!S27="","",IF(ISNUMBER('JobPlanner Data'!S27),TEXT('JobPlanner Data'!S27,"YYYY-MM-DD"),"")) | N26: =IF('JobPlanner Data'!R27="","",IF(ISNUMBER('JobPlanner Data'!R27),TEXT('JobPlanner Data'!R27,"YYYY-MM-DD"),"")) | O26: =IF('JobPlanner Data'!U27="","",IF(ISNUMBER('JobPlanner Data'!U27),TEXT('JobPlanner Data'!U27,"YYYY-MM-DD"),"")) | P26: =IF('JobPlanner Data'!O27="","","JobPlanner Data'!O27) | Q26: =IF('JobPlanner Data'!P27="","","JobPlanner Data'!P27)
A27: =IF('JobPlanner Data'!A28="","",IF(ISBLANK('JobPlanner Data'!A28),"",'JobPlanner Data'!A28)) | B27: =IF('JobPlanner Data'!B28="","",LOWER('JobPlanner Data'!B28)) | C27: =IF('JobPlanner Data'!D28<>"","JobPlanner Data'!D28,IF('JobPlanner Data'!F28<>"","JobPlanner Data'!F28,"")) | D27: =IF('JobPlanner Data'!J28="","",LOWER('JobPlanner Data'!J28)) | E27: =IF('JobPlanner Data'!C28="","",IFERROR(VLOOKUP('JobPlanner Data'!C28,'Company Lookup'!A:B,2,FALSE),"[NOT FOUND]")) | F27: =IF('JobPlanner Data'!G28="","",VALUE(SUBSTITUTE(SUBSTITUTE('JobPlanner Data'!G28,"$",""),",",""))) | G27: ="amount" | H27: =IF('JobPlanner Data'!L28="","","JobPlanner Data'!L28) | I27: =IF('JobPlanner Data'!H28="","","JobPlanner Data'!H28) | J27: =IF('JobPlanner Data'!N28="","",IF(ISNUMBER('JobPlanner Data'!N28),TEXT('JobPlanner Data'!N28,"YYYY-MM-DD"),"")) | K27: =IF('JobPlanner Data'!Q28="","",IF(ISNUMBER('JobPlanner Data'!Q28),TEXT('JobPlanner Data'!Q28,"YYYY-MM-DD"),"")) | L27: =IF('JobPlanner Data'!I28<>"",IF(ISNUMBER('JobPlanner Data'!I28),TEXT('JobPlanner Data'!I28,"YYYY-MM-DD"),""),IF('JobPlanner Data'!T28<>"",IF(ISNUMBER('JobPlanner Data'!T28),TEXT('JobPlanner Data'!T28,"YYYY-MM-DD"),""),"")) | M27: =IF('JobPlanner Data'!S28="","",IF(ISNUMBER('JobPlanner Data'!S28),TEXT('JobPlanner Data'!S28,"YYYY-MM-DD"),"")) | N27: =IF('JobPlanner Data'!R28="","",IF(ISNUMBER('JobPlanner Data'!R28),TEXT('JobPlanner Data'!R28,"YYYY-MM-DD"),"")) | O27: =IF('JobPlanner Data'!U28="","",IF(ISNUMBER('JobPlanner Data'!U28),TEXT('JobPlanner Data'!U28,"YYYY-MM-DD"),"")) | P27: =IF('JobPlanner Data'!O28="","","JobPlanner Data'!O28) | Q27: =IF('JobPlanner Data'!P28="","","JobPlanner Data'!P28)
A28: =IF('JobPlanner Data'!A29="","",IF(ISBLANK('JobPlanner Data'!A29),"",'JobPlanner Data'!A29)) | B28: =IF('JobPlanner Data'!B29="","",LOWER('JobPlanner Data'!B29)) | C28: =IF('JobPlanner Data'!D29<>"","JobPlanner Data'!D29,IF('JobPlanner Data'!F29<>"","JobPlanner Data'!F29,"")) | D28: =IF('JobPlanner Data'!J29="","",LOWER('JobPlanner Data'!J29)) | E28: =IF('JobPlanner Data'!C29="","",IFERROR(VLOOKUP('JobPlanner Data'!C29,'Company Lookup'!A:B,2,FALSE),"[NOT FOUND]")) | F28: =IF('JobPlanner Data'!G29="","",VALUE(SUBSTITUTE(SUBSTITUTE('JobPlanner Data'!G29,"$",""),",",""))) | G28: ="amount" | H28: =IF('JobPlanner Data'!L29="","","JobPlanner Data'!L29) | I28: =IF('JobPlanner Data'!H29="","","JobPlanner Data'!H29) | J28: =IF('JobPlanner Data'!N29="","",IF(ISNUMBER('JobPlanner Data'!N29),TEXT('JobPlanner Data'!N29,"YYYY-MM-DD"),"")) | K28: =IF('JobPlanner Data'!Q29="","",IF(ISNUMBER('JobPlanner Data'!Q29),TEXT('JobPlanner Data'!Q29,"YYYY-MM-DD"),"")) | L28: =IF('JobPlanner Data'!I29<>"",IF(ISNUMBER('JobPlanner Data'!I29),TEXT('JobPlanner Data'!I29,"YYYY-MM-DD"),""),IF('JobPlanner Data'!T29<>"",IF(ISNUMBER('JobPlanner Data'!T29),TEXT('JobPlanner Data'!T29,"YYYY-MM-DD"),""),"")) | M28: =IF('JobPlanner Data'!S29="","",IF(ISNUMBER('JobPlanner Data'!S29),TEXT('JobPlanner Data'!S29,"YYYY-MM-DD"),"")) | N28: =IF('JobPlanner Data'!R29="","",IF(ISNUMBER('JobPlanner Data'!R29),TEXT('JobPlanner Data'!R29,"YYYY-MM-DD"),"")) | O28: =IF('JobPlanner Data'!U29="","",IF(ISNUMBER('JobPlanner Data'!U29),TEXT('JobPlanner Data'!U29,"YYYY-MM-DD"),"")) | P28: =IF('JobPlanner Data'!O29="","","JobPlanner Data'!O29) | Q28: =IF('JobPlanner Data'!P29="","","JobPlanner Data'!P29)
A29: =IF('JobPlanner Data'!A30="","",IF(ISBLANK('JobPlanner Data'!A30),"",'JobPlanner Data'!A30)) | B29: =IF('JobPlanner Data'!B30="","",LOWER('JobPlanner Data'!B30)) | C29: =IF('JobPlanner Data'!D30<>"","JobPlanner Data'!D30,IF('JobPlanner Data'!F30<>"","JobPlanner Data'!F30,"")) | D29: =IF('JobPlanner Data'!J30="","",LOWER('JobPlanner Data'!J30)) | E29: =IF('JobPlanner Data'!C30="","",IFERROR(VLOOKUP('JobPlanner Data'!C30,'Company Lookup'!A:B,2,FALSE),"[NOT FOUND]")) | F29: =IF('JobPlanner Data'!G30="","",VALUE(SUBSTITUTE(SUBSTITUTE('JobPlanner Data'!G30,"$",""),",",""))) | G29: ="amount" | H29: =IF('JobPlanner Data'!L30="","","JobPlanner Data'!L30) | I29: =IF('JobPlanner Data'!H30="","","JobPlanner Data'!H30) | J29: =IF('JobPlanner Data'!N30="","",IF(ISNUMBER('JobPlanner Data'!N30),TEXT('JobPlanner Data'!N30,"YYYY-MM-DD"),"")) | K29: =IF('JobPlanner Data'!Q30="","",IF(ISNUMBER('JobPlanner Data'!Q30),TEXT('JobPlanner Data'!Q30,"YYYY-MM-DD"),"")) | L29: =IF('JobPlanner Data'!I30<>"",IF(ISNUMBER('JobPlanner Data'!I30),TEXT('JobPlanner Data'!I30,"YYYY-MM-DD"),""),IF('JobPlanner Data'!T30<>"",IF(ISNUMBER('JobPlanner Data'!T30),TEXT('JobPlanner Data'!T30,"YYYY-MM-DD"),""),"")) | M29: =IF('JobPlanner Data'!S30="","",IF(ISNUMBER('JobPlanner Data'!S30),TEXT('JobPlanner Data'!S30,"YYYY-MM-DD"),"")) | N29: =IF('JobPlanner Data'!R30="","",IF(ISNUMBER('JobPlanner Data'!R30),TEXT('JobPlanner Data'!R30,"YYYY-MM-DD"),"")) | O29: =IF('JobPlanner Data'!U30="","",IF(ISNUMBER('JobPlanner Data'!U30),TEXT('JobPlanner Data'!U30,"YYYY-MM-DD"),"")) | P29: =IF('JobPlanner Data'!O30="","","JobPlanner Data'!O30) | Q29: =IF('JobPlanner Data'!P30="","","JobPlanner Data'!P30)
A30: =IF('JobPlanner Data'!A31="","",IF(ISBLANK('JobPlanner Data'!A31),"",'JobPlanner Data'!A31)) | B30: =IF('JobPlanner Data'!B31="","",LOWER('JobPlanner Data'!B31)) | C30: =IF('JobPlanner Data'!D31<>"","JobPlanner Data'!D31,IF('JobPlanner Data'!F31<>"","JobPlanner Data'!F31,"")) | D30: =IF('JobPlanner Data'!J31="","",LOWER('JobPlanner Data'!J31)) | E30: =IF('JobPlanner Data'!C31="","",IFERROR(VLOOKUP('JobPlanner Data'!C31,'Company Lookup'!A:B,2,FALSE),"[NOT FOUND]")) | F30: =IF('JobPlanner Data'!G31="","",VALUE(SUBSTITUTE(SUBSTITUTE('JobPlanner Data'!G31,"$",""),",",""))) | G30: ="amount" | H30: =IF('JobPlanner Data'!L31="","","JobPlanner Data'!L31) | I30: =IF('JobPlanner Data'!H31="","","JobPlanner Data'!H31) | J30: =IF('JobPlanner Data'!N31="","",IF(ISNUMBER('JobPlanner Data'!N31),TEXT('JobPlanner Data'!N31,"YYYY-MM-DD"),"")) | K30: =IF('JobPlanner Data'!Q31="","",IF(ISNUMBER('JobPlanner Data'!Q31),TEXT('JobPlanner Data'!Q31,"YYYY-MM-DD"),"")) | L30: =IF('JobPlanner Data'!I31<>"",IF(ISNUMBER('JobPlanner Data'!I31),TEXT('JobPlanner Data'!I31,"YYYY-MM-DD"),""),IF('JobPlanner Data'!T31<>"",IF(ISNUMBER('JobPlanner Data'!T31),TEXT('JobPlanner Data'!T31,"YYYY-MM-DD"),""),"")) | M30: =IF('JobPlanner Data'!S31="","",IF(ISNUMBER('JobPlanner Data'!S31),TEXT('JobPlanner Data'!S31,"YYYY-MM-DD"),"")) | N30: =IF('JobPlanner Data'!R31="","",IF(ISNUMBER('JobPlanner Data'!R31),TEXT('JobPlanner Data'!R31,"YYYY-MM-DD"),"")) | O30: =IF('JobPlanner Data'!U31="","",IF(ISNUMBER('JobPlanner Data'!U31),TEXT('JobPlanner Data'!U31,"YYYY-MM-DD"),"")) | P30: =IF('JobPlanner Data'!O31="","","JobPlanner Data'!O31) | Q30: =IF('JobPlanner Data'!P31="","","JobPlanner Data'!P31)
A31: =IF('JobPlanner Data'!A32="","",IF(ISBLANK('JobPlanner Data'!A32),"",'JobPlanner Data'!A32)) | B31: =IF('JobPlanner Data'!B32="","",LOWER('JobPlanner Data'!B32)) | C31: =IF('JobPlanner Data'!D32<>"","JobPlanner Data'!D32,IF('JobPlanner Data'!F32<>"","JobPlanner Data'!F32,"")) | D31: =IF('JobPlanner Data'!J32="","",LOWER('JobPlanner Data'!J32)) | E31: =IF('JobPlanner Data'!C32="","",IFERROR(VLOOKUP('JobPlanner Data'!C32,'Company Lookup'!A:B,2,FALSE),"[NOT FOUND]")) | F31: =IF('JobPlanner Data'!G32="","",VALUE(SUBSTITUTE(SUBSTITUTE('JobPlanner Data'!G32,"$",""),",",""))) | G31: ="amount" | H31: =IF('JobPlanner Data'!L32="","","JobPlanner Data'!L32) | I31: =IF('JobPlanner Data'!H32="","","JobPlanner Data'!H32) | J31: =IF('JobPlanner Data'!N32="","",IF(ISNUMBER('JobPlanner Data'!N32),TEXT('JobPlanner Data'!N32,"YYYY-MM-DD"),"")) | K31: =IF('JobPlanner Data'!Q32="","",IF(ISNUMBER('JobPlanner Data'!Q32),TEXT('JobPlanner Data'!Q32,"YYYY-MM-DD"),"")) | L31: =IF('JobPlanner Data'!I32<>"",IF(ISNUMBER('JobPlanner Data'!I32),TEXT('JobPlanner Data'!I32,"YYYY-MM-DD"),""),IF('JobPlanner Data'!T32<>"",IF(ISNUMBER('JobPlanner Data'!T32),TEXT('JobPlanner Data'!T32,"YYYY-MM-DD"),""),"")) | M31: =IF('JobPlanner Data'!S32="","",IF(ISNUMBER('JobPlanner Data'!S32),TEXT('JobPlanner Data'!S32,"YYYY-MM-DD"),"")) | N31: =IF('JobPlanner Data'!R32="","",IF(ISNUMBER('JobPlanner Data'!R32),TEXT('JobPlanner Data'!R32,"YYYY-MM-DD"),"")) | O31: =IF('JobPlanner Data'!U32="","",IF(ISNUMBER('JobPlanner Data'!U32),TEXT('JobPlanner Data'!U32,"YYYY-MM-DD"),"")) | P31: =IF('JobPlanner Data'!O32="","","JobPlanner Data'!O32) | Q31: =IF('JobPlanner Data'!P32="","","JobPlanner Data'!P32)
A32: =IF('JobPlanner Data'!A33="","",IF(ISBLANK('JobPlanner Data'!A33),"",'JobPlanner Data'!A33)) | B32: =IF('JobPlanner Data'!B33="","",LOWER('JobPlanner Data'!B33)) | C32: =IF('JobPlanner Data'!D33<>"","JobPlanner Data'!D33,IF('JobPlanner Data'!F33<>"","JobPlanner Data'!F33,"")) | D32: =IF('JobPlanner Data'!J33="","",LOWER('JobPlanner Data'!J33)) | E32: =IF('JobPlanner Data'!C33="","",IFERROR(VLOOKUP('JobPlanner Data'!C33,'Company Lookup'!A:B,2,FALSE),"[NOT FOUND]")) | F32: =IF('JobPlanner Data'!G33="","",VALUE(SUBSTITUTE(SUBSTITUTE('JobPlanner Data'!G33,"$",""),",",""))) | G32: ="amount" | H32: =IF('JobPlanner Data'!L33="","","JobPlanner Data'!L33) | I32: =IF('JobPlanner Data'!H33="","","JobPlanner Data'!H33) | J32: =IF('JobPlanner Data'!N33="","",IF(ISNUMBER('JobPlanner Data'!N33),TEXT('JobPlanner Data'!N33,"YYYY-MM-DD"),"")) | K32: =IF('JobPlanner Data'!Q33="","",IF(ISNUMBER('JobPlanner Data'!Q33),TEXT('JobPlanner Data'!Q33,"YYYY-MM-DD"),"")) | L32: =IF('JobPlanner Data'!I33<>"",IF(ISNUMBER('JobPlanner Data'!I33),TEXT('JobPlanner Data'!I33,"YYYY-MM-DD"),""),IF('JobPlanner Data'!T33<>"",IF(ISNUMBER('JobPlanner Data'!T33),TEXT('JobPlanner Data'!T33,"YYYY-MM-DD"),""),"")) | M32: =IF('JobPlanner Data'!S33="","",IF(ISNUMBER('JobPlanner Data'!S33),TEXT('JobPlanner Data'!S33,"YYYY-MM-DD"),"")) | N32: =IF('JobPlanner Data'!R33="","",IF(ISNUMBER('JobPlanner Data'!R33),TEXT('JobPlanner Data'!R33,"YYYY-MM-DD"),"")) | O32: =IF('JobPlanner Data'!U33="","",IF(ISNUMBER('JobPlanner Data'!U33),TEXT('JobPlanner Data'!U33,"YYYY-MM-DD"),"")) | P32: =IF('JobPlanner Data'!O33="","","JobPlanner Data'!O33) | Q32: =IF('JobPlanner Data'!P33="","","JobPlanner Data'!P33)
A33: =IF('JobPlanner Data'!A34="","",IF(ISBLANK('JobPlanner Data'!A34),"",'JobPlanner Data'!A34)) | B33: =IF('JobPlanner Data'!B34="","",LOWER('JobPlanner Data'!B34)) | C33: =IF('JobPlanner Data'!D34<>"","JobPlanner Data'!D34,IF('JobPlanner Data'!F34<>"","JobPlanner Data'!F34,"")) | D33: =IF('JobPlanner Data'!J34="","",LOWER('JobPlanner Data'!J34)) | E33: =IF('JobPlanner Data'!C34="","",IFERROR(VLOOKUP('JobPlanner Data'!C34,'Company Lookup'!A:B,2,FALSE),"[NOT FOUND]")) | F33: =IF('JobPlanner Data'!G34="","",VALUE(SUBSTITUTE(SUBSTITUTE('JobPlanner Data'!G34,"$",""),",",""))) | G33: ="amount" | H33: =IF('JobPlanner Data'!L34="","","JobPlanner Data'!L34) | I33: =IF('JobPlanner Data'!H34="","","JobPlanner Data'!H34) | J33: =IF('JobPlanner Data'!N34="","",IF(ISNUMBER('JobPlanner Data'!N34),TEXT('JobPlanner Data'!N34,"YYYY-MM-DD"),"")) | K33: =IF('JobPlanner Data'!Q34="","",IF(ISNUMBER('JobPlanner Data'!Q34),TEXT('JobPlanner Data'!Q34,"YYYY-MM-DD"),"")) | L33: =IF('JobPlanner Data'!I34<>"",IF(ISNUMBER('JobPlanner Data'!I34),TEXT('JobPlanner Data'!I34,"YYYY-MM-DD"),""),IF('JobPlanner Data'!T34<>"",IF(ISNUMBER('JobPlanner Data'!T34),TEXT('JobPlanner Data'!T34,"YYYY-MM-DD"),""),"")) | M33: =IF('JobPlanner Data'!S34="","",IF(ISNUMBER('JobPlanner Data'!S34),TEXT('JobPlanner Data'!S34,"YYYY-MM-DD"),"")) | N33: =IF('JobPlanner Data'!R34="","",IF(ISNUMBER('JobPlanner Data'!R34),TEXT('JobPlanner Data'!R34,"YYYY-MM-DD"),"")) | O33: =IF('JobPlanner Data'!U34="","",IF(ISNUMBER('JobPlanner Data'!U34),TEXT('JobPlanner Data'!U34,"YYYY-MM-DD"),"")) | P33: =IF('JobPlanner Data'!O34="","","JobPlanner Data'!O34) | Q33: =IF('JobPlanner Data'!P34="","","JobPlanner Data'!P34)
A34: =IF('JobPlanner Data'!A35="","",IF(ISBLANK('JobPlanner Data'!A35),"",'JobPlanner Data'!A35)) | B34: =IF('JobPlanner Data'!B35="","",LOWER('JobPlanner Data'!B35)) | C34: =IF('JobPlanner Data'!D35<>"","JobPlanner Data'!D35,IF('JobPlanner Data'!F35<>"","JobPlanner Data'!F35,"")) | D34: =IF('JobPlanner Data'!J35="","",LOWER('JobPlanner Data'!J35)) | E34: =IF('JobPlanner Data'!C35="","",IFERROR(VLOOKUP('JobPlanner Data'!C35,'Company Lookup'!A:B,2,FALSE),"[NOT FOUND]")) | F34: =IF('JobPlanner Data'!G35="","",VALUE(SUBSTITUTE(SUBSTITUTE('JobPlanner Data'!G35,"$",""),",",""))) | G34: ="amount" | H34: =IF('JobPlanner Data'!L35="","","JobPlanner Data'!L35) | I34: =IF('JobPlanner Data'!H35="","","JobPlanner Data'!H35) | J34: =IF('JobPlanner Data'!N35="","",IF(ISNUMBER('JobPlanner Data'!N35),TEXT('JobPlanner Data'!N35,"YYYY-MM-DD"),"")) | K34: =IF('JobPlanner Data'!Q35="","",IF(ISNUMBER('JobPlanner Data'!Q35),TEXT('JobPlanner Data'!Q35,"YYYY-MM-DD"),"")) | L34: =IF('JobPlanner Data'!I35<>"",IF(ISNUMBER('JobPlanner Data'!I35),TEXT('JobPlanner Data'!I35,"YYYY-MM-DD"),""),IF('JobPlanner Data'!T35<>"",IF(ISNUMBER('JobPlanner Data'!T35),TEXT('JobPlanner Data'!T35,"YYYY-MM-DD"),""),"")) | M34: =IF('JobPlanner Data'!S35="","",IF(ISNUMBER('JobPlanner Data'!S35),TEXT('JobPlanner Data'!S35,"YYYY-MM-DD"),"")) | N34: =IF('JobPlanner Data'!R35="","",IF(ISNUMBER('JobPlanner Data'!R35),TEXT('JobPlanner Data'!R35,"YYYY-MM-DD"),"")) | O34: =IF('JobPlanner Data'!U35="","",IF(ISNUMBER('JobPlanner Data'!U35),TEXT('JobPlanner Data'!U35,"YYYY-MM-DD"),"")) | P34: =IF('JobPlanner Data'!O35="","","JobPlanner Data'!O35) | Q34: =IF('JobPlanner Data'!P35="","","JobPlanner Data'!P35)
A35: =IF('JobPlanner Data'!A36="","",IF(ISBLANK('JobPlanner Data'!A36),"",'JobPlanner Data'!A36)) | B35: =IF('JobPlanner Data'!B36="","",LOWER('JobPlanner Data'!B36)) | C35: =IF('JobPlanner Data'!D36<>"","JobPlanner Data'!D36,IF('JobPlanner Data'!F36<>"","JobPlanner Data'!F36,"")) | D35: =IF('JobPlanner Data'!J36="","",LOWER('JobPlanner Data'!J36)) | E35: =IF('JobPlanner Data'!C36="","",IFERROR(VLOOKUP('JobPlanner Data'!C36,'Company Lookup'!A:B,2,FALSE),"[NOT FOUND]")) | F35: =IF('JobPlanner Data'!G36="","",VALUE(SUBSTITUTE(SUBSTITUTE('JobPlanner Data'!G36,"$",""),",",""))) | G35: ="amount" | H35: =IF('JobPlanner Data'!L36="","","JobPlanner Data'!L36) | I35: =IF('JobPlanner Data'!H36="","","JobPlanner Data'!H36) | J35: =IF('JobPlanner Data'!N36="","",IF(ISNUMBER('JobPlanner Data'!N36),TEXT('JobPlanner Data'!N36,"YYYY-MM-DD"),"")) | K35: =IF('JobPlanner Data'!Q36="","",IF(ISNUMBER('JobPlanner Data'!Q36),TEXT('JobPlanner Data'!Q36,"YYYY-MM-DD"),"")) | L35: =IF('JobPlanner Data'!I36<>"",IF(ISNUMBER('JobPlanner Data'!I36),TEXT('JobPlanner Data'!I36,"YYYY-MM-DD"),""),IF('JobPlanner Data'!T36<>"",IF(ISNUMBER('JobPlanner Data'!T36),TEXT('JobPlanner Data'!T36,"YYYY-MM-DD"),""),"")) | M35: =IF('JobPlanner Data'!S36="","",IF(ISNUMBER('JobPlanner Data'!S36),TEXT('JobPlanner Data'!S36,"YYYY-MM-DD"),"")) | N35: =IF('JobPlanner Data'!R36="","",IF(ISNUMBER('JobPlanner Data'!R36),TEXT('JobPlanner Data'!R36,"YYYY-MM-DD"),"")) | O35: =IF('JobPlanner Data'!U36="","",IF(ISNUMBER('JobPlanner Data'!U36),TEXT('JobPlanner Data'!U36,"YYYY-MM-DD"),"")) | P35: =IF('JobPlanner Data'!O36="","","JobPlanner Data'!O36) | Q35: =IF('JobPlanner Data'!P36="","","JobPlanner Data'!P36)
A36: =IF('JobPlanner Data'!A37="","",IF(ISBLANK('JobPlanner Data'!A37),"",'JobPlanner Data'!A37)) | B36: =IF('JobPlanner Data'!B37="","",LOWER('JobPlanner Data'!B37)) | C36: =IF('JobPlanner Data'!D37<>"","JobPlanner Data'!D37,IF('JobPlanner Data'!F37<>"","JobPlanner Data'!F37,"")) | D36: =IF('JobPlanner Data'!J37="","",LOWER('JobPlanner Data'!J37)) | E36: =IF('JobPlanner Data'!C37="","",IFERROR(VLOOKUP('JobPlanner Data'!C37,'Company Lookup'!A:B,2,FALSE),"[NOT FOUND]")) | F36: =IF('JobPlanner Data'!G37="","",VALUE(SUBSTITUTE(SUBSTITUTE('JobPlanner Data'!G37,"$",""),",",""))) | G36: ="amount" | H36: =IF('JobPlanner Data'!L37="","","JobPlanner Data'!L37) | I36: =IF('JobPlanner Data'!H37="","","JobPlanner Data'!H37) | J36: =IF('JobPlanner Data'!N37="","",IF(ISNUMBER('JobPlanner Data'!N37),TEXT('JobPlanner Data'!N37,"YYYY-MM-DD"),"")) | K36: =IF('JobPlanner Data'!Q37="","",IF(ISNUMBER('JobPlanner Data'!Q37),TEXT('JobPlanner Data'!Q37,"YYYY-MM-DD"),"")) | L36: =IF('JobPlanner Data'!I37<>"",IF(ISNUMBER('JobPlanner Data'!I37),TEXT('JobPlanner Data'!I37,"YYYY-MM-DD"),""),IF('JobPlanner Data'!T37<>"",IF(ISNUMBER('JobPlanner Data'!T37),TEXT('JobPlanner Data'!T37,"YYYY-MM-DD"),""),"")) | M36: =IF('JobPlanner Data'!S37="","",IF(ISNUMBER('JobPlanner Data'!S37),TEXT('JobPlanner Data'!S37,"YYYY-MM-DD"),"")) | N36: =IF('JobPlanner Data'!R37="","",IF(ISNUMBER('JobPlanner Data'!R37),TEXT('JobPlanner Data'!R37,"YYYY-MM-DD"),"")) | O36: =IF('JobPlanner Data'!U37="","",IF(ISNUMBER('JobPlanner Data'!U37),TEXT('JobPlanner Data'!U37,"YYYY-MM-DD"),"")) | P36: =IF('JobPlanner Data'!O37="","","JobPlanner Data'!O37) | Q36: =IF('JobPlanner Data'!P37="","","JobPlanner Data'!P37)
A37: =IF('JobPlanner Data'!A38="","",IF(ISBLANK('JobPlanner Data'!A38),"",'JobPlanner Data'!A38)) | B37: =IF('JobPlanner Data'!B38="","",LOWER('JobPlanner Data'!B38)) | C37: =IF('JobPlanner Data'!D38<>"","JobPlanner Data'!D38,IF('JobPlanner Data'!F38<>"","JobPlanner Data'!F38,"")) | D37: =IF('JobPlanner Data'!J38="","",LOWER('JobPlanner Data'!J38)) | E37: =IF('JobPlanner Data'!C38="","",IFERROR(VLOOKUP('JobPlanner Data'!C38,'Company Lookup'!A:B,2,FALSE),"[NOT FOUND]")) | F37: =IF('JobPlanner Data'!G38="","",VALUE(SUBSTITUTE(SUBSTITUTE('JobPlanner Data'!G38,"$",""),",",""))) | G37: ="amount" | H37: =IF('JobPlanner Data'!L38="","","JobPlanner Data'!L38) | I37: =IF('JobPlanner Data'!H38="","","JobPlanner Data'!H38) | J37: =IF('JobPlanner Data'!N38="","",IF(ISNUMBER('JobPlanner Data'!N38),TEXT('JobPlanner Data'!N38,"YYYY-MM-DD"),"")) | K37: =IF('JobPlanner Data'!Q38="","",IF(ISNUMBER('JobPlanner Data'!Q38),TEXT('JobPlanner Data'!Q38,"YYYY-MM-DD"),"")) | L37: =IF('JobPlanner Data'!I38<>"",IF(ISNUMBER('JobPlanner Data'!I38),TEXT('JobPlanner Data'!I38,"YYYY-MM-DD"),""),IF('JobPlanner Data'!T38<>"",IF(ISNUMBER('JobPlanner Data'!T38),TEXT('JobPlanner Data'!T38,"YYYY-MM-DD"),""),"")) | M37: =IF('JobPlanner Data'!S38="","",IF(ISNUMBER('JobPlanner Data'!S38),TEXT('JobPlanner Data'!S38,"YYYY-MM-DD"),"")) | N37: =IF('JobPlanner Data'!R38="","",IF(ISNUMBER('JobPlanner Data'!R38),TEXT('JobPlanner Data'!R38,"YYYY-MM-DD"),"")) | O37: =IF('JobPlanner Data'!U38="","",IF(ISNUMBER('JobPlanner Data'!U38),TEXT('JobPlanner Data'!U38,"YYYY-MM-DD"),"")) | P37: =IF('JobPlanner Data'!O38="","","JobPlanner Data'!O38) | Q37: =IF('JobPlanner Data'!P38="","","JobPlanner Data'!P38)
A38: =IF('JobPlanner Data'!A39="","",IF(ISBLANK('JobPlanner Data'!A39),"",'JobPlanner Data'!A39)) | B38: =IF('JobPlanner Data'!B39="","",LOWER('JobPlanner Data'!B39)) | C38: =IF('JobPlanner Data'!D39<>"","JobPlanner Data'!D39,IF('JobPlanner Data'!F39<>"","JobPlanner Data'!F39,"")) | D38: =IF('JobPlanner Data'!J39="","",LOWER('JobPlanner Data'!J39)) | E38: =IF('JobPlanner Data'!C39="","",IFERROR(VLOOKUP('JobPlanner Data'!C39,'Company Lookup'!A:B,2,FALSE),"[NOT FOUND]")) | F38: =IF('JobPlanner Data'!G39="","",VALUE(SUBSTITUTE(SUBSTITUTE('JobPlanner Data'!G39,"$",""),",",""))) | G38: ="amount" | H38: =IF('JobPlanner Data'!L39="","","JobPlanner Data'!L39) | I38: =IF('JobPlanner Data'!H39="","","JobPlanner Data'!H39) | J38: =IF('JobPlanner Data'!N39="","",IF(ISNUMBER('JobPlanner Data'!N39),TEXT('JobPlanner Data'!N39,"YYYY-MM-DD"),"")) | K38: =IF('JobPlanner Data'!Q39="","",IF(ISNUMBER('JobPlanner Data'!Q39),TEXT('JobPlanner Data'!Q39,"YYYY-MM-DD"),"")) | L38: =IF('JobPlanner Data'!I39<>"",IF(ISNUMBER('JobPlanner Data'!I39),TEXT('JobPlanner Data'!I39,"YYYY-MM-DD"),""),IF('JobPlanner Data'!T39<>"",IF(ISNUMBER('JobPlanner Data'!T39),TEXT('JobPlanner Data'!T39,"YYYY-MM-DD"),""),"")) | M38: =IF('JobPlanner Data'!S39="","",IF(ISNUMBER('JobPlanner Data'!S39),TEXT('JobPlanner Data'!S39,"YYYY-MM-DD"),"")) | N38: =IF('JobPlanner Data'!R39="","",IF(ISNUMBER('JobPlanner Data'!R39),TEXT('JobPlanner Data'!R39,"YYYY-MM-DD"),"")) | O38: =IF('JobPlanner Data'!U39="","",IF(ISNUMBER('JobPlanner Data'!U39),TEXT('JobPlanner Data'!U39,"YYYY-MM-DD"),"")) | P38: =IF('JobPlanner Data'!O39="","","JobPlanner Data'!O39) | Q38: =IF('JobPlanner Data'!P39="","","JobPlanner Data'!P39)
A39: =IF('JobPlanner Data'!A40="","",IF(ISBLANK('JobPlanner Data'!A40),"",'JobPlanner Data'!A40)) | B39: =IF('JobPlanner Data'!B40="","",LOWER('JobPlanner Data'!B40)) | C39: =IF('JobPlanner Data'!D40<>"","JobPlanner Data'!D40,IF('JobPlanner Data'!F40<>"","JobPlanner Data'!F40,"")) | D39: =IF('JobPlanner Data'!J40="","",LOWER('JobPlanner Data'!J40)) | E39: =IF('JobPlanner Data'!C40="","",IFERROR(VLOOKUP('JobPlanner Data'!C40,'Company Lookup'!A:B,2,FALSE),"[NOT FOUND]")) | F39: =IF('JobPlanner Data'!G40="","",VALUE(SUBSTITUTE(SUBSTITUTE('JobPlanner Data'!G40,"$",""),",",""))) | G39: ="amount" | H39: =IF('JobPlanner Data'!L40="","","JobPlanner Data'!L40) | I39: =IF('JobPlanner Data'!H40="","","JobPlanner Data'!H40) | J39: =IF('JobPlanner Data'!N40="","",IF(ISNUMBER('JobPlanner Data'!N40),TEXT('JobPlanner Data'!N40,"YYYY-MM-DD"),"")) | K39: =IF('JobPlanner Data'!Q40="","",IF(ISNUMBER('JobPlanner Data'!Q40),TEXT('JobPlanner Data'!Q40,"YYYY-MM-DD"),"")) | L39: =IF('JobPlanner Data'!I40<>"",IF(ISNUMBER('JobPlanner Data'!I40),TEXT('JobPlanner Data'!I40,"YYYY-MM-DD"),""),IF('JobPlanner Data'!T40<>"",IF(ISNUMBER('JobPlanner Data'!T40),TEXT('JobPlanner Data'!T40,"YYYY-MM-DD"),""),"")) | M39: =IF('JobPlanner Data'!S40="","",IF(ISNUMBER('JobPlanner Data'!S40),TEXT('JobPlanner Data'!S40,"YYYY-MM-DD"),"")) | N39: =IF('JobPlanner Data'!R40="","",IF(ISNUMBER('JobPlanner Data'!R40),TEXT('JobPlanner Data'!R40,"YYYY-MM-DD"),"")) | O39: =IF('JobPlanner Data'!U40="","",IF(ISNUMBER('JobPlanner Data'!U40),TEXT('JobPlanner Data'!U40,"YYYY-MM-DD"),"")) | P39: =IF('JobPlanner Data'!O40="","","JobPlanner Data'!O40) | Q39: =IF('JobPlanner Data'!P40="","","JobPlanner Data'!P40)
A40: =IF('JobPlanner Data'!A41="","",IF(ISBLANK('JobPlanner Data'!A41),"",'JobPlanner Data'!A41)) | B40: =IF('JobPlanner Data'!B41="","",LOWER('JobPlanner Data'!B41)) | C40: =IF('JobPlanner Data'!D41<>"","JobPlanner Data'!D41,IF('JobPlanner Data'!F41<>"","JobPlanner Data'!F41,"")) | D40: =IF('JobPlanner Data'!J41="","",LOWER('JobPlanner Data'!J41)) | E40: =IF('JobPlanner Data'!C41="","",IFERROR(VLOOKUP('JobPlanner Data'!C41,'Company Lookup'!A:B,2,FALSE),"[NOT FOUND]")) | F40: =IF('JobPlanner Data'!G41="","",VALUE(SUBSTITUTE(SUBSTITUTE('JobPlanner Data'!G41,"$",""),",",""))) | G40: ="amount" | H40: =IF('JobPlanner Data'!L41="","","JobPlanner Data'!L41) | I40: =IF('JobPlanner Data'!H41="","","JobPlanner Data'!H41) | J40: =IF('JobPlanner Data'!N41="","",IF(ISNUMBER('JobPlanner Data'!N41),TEXT('JobPlanner Data'!N41,"YYYY-MM-DD"),"")) | K40: =IF('JobPlanner Data'!Q41="","",IF(ISNUMBER('JobPlanner Data'!Q41),TEXT('JobPlanner Data'!Q41,"YYYY-MM-DD"),"")) | L40: =IF('JobPlanner Data'!I41<>"",IF(ISNUMBER('JobPlanner Data'!I41),TEXT('JobPlanner Data'!I41,"YYYY-MM-DD"),""),IF('JobPlanner Data'!T41<>"",IF(ISNUMBER('JobPlanner Data'!T41),TEXT('JobPlanner Data'!T41,"YYYY-MM-DD"),""),"")) | M40: =IF('JobPlanner Data'!S41="","",IF(ISNUMBER('JobPlanner Data'!S41),TEXT('JobPlanner Data'!S41,"YYYY-MM-DD"),"")) | N40: =IF('JobPlanner Data'!R41="","",IF(ISNUMBER('JobPlanner Data'!R41),TEXT('JobPlanner Data'!R41,"YYYY-MM-DD"),"")) | O40: =IF('JobPlanner Data'!U41="","",IF(ISNUMBER('JobPlanner Data'!U41),TEXT('JobPlanner Data'!U41,"YYYY-MM-DD"),"")) | P40: =IF('JobPlanner Data'!O41="","","JobPlanner Data'!O41) | Q40: =IF('JobPlanner Data'!P41="","","JobPlanner Data'!P41)
A41: =IF('JobPlanner Data'!A42="","",IF(ISBLANK('JobPlanner Data'!A42),"",'JobPlanner Data'!A42)) | B41: =IF('JobPlanner Data'!B42="","",LOWER('JobPlanner Data'!B42)) | C41: =IF('JobPlanner Data'!D42<>"","JobPlanner Data'!D42,IF('JobPlanner Data'!F42<>"","JobPlanner Data'!F42,"")) | D41: =IF('JobPlanner Data'!J42="","",LOWER('JobPlanner Data'!J42)) | E41: =IF('JobPlanner Data'!C42="","",IFERROR(VLOOKUP('JobPlanner Data'!C42,'Company Lookup'!A:B,2,FALSE),"[NOT FOUND]")) | F41: =IF('JobPlanner Data'!G42="","",VALUE(SUBSTITUTE(SUBSTITUTE('JobPlanner Data'!G42,"$",""),",",""))) | G41: ="amount" | H41: =IF('JobPlanner Data'!L42="","","JobPlanner Data'!L42) | I41: =IF('JobPlanner Data'!H42="","","JobPlanner Data'!H42) | J41: =IF('JobPlanner Data'!N42="","",IF(ISNUMBER('JobPlanner Data'!N42),TEXT('JobPlanner Data'!N42,"YYYY-MM-DD"),"")) | K41: =IF('JobPlanner Data'!Q42="","",IF(ISNUMBER('JobPlanner Data'!Q42),TEXT('JobPlanner Data'!Q42,"YYYY-MM-DD"),"")) | L41: =IF('JobPlanner Data'!I42<>"",IF(ISNUMBER('JobPlanner Data'!I42),TEXT('JobPlanner Data'!I42,"YYYY-MM-DD"),""),IF('JobPlanner Data'!T42<>"",IF(ISNUMBER('JobPlanner Data'!T42),TEXT('JobPlanner Data'!T42,"YYYY-MM-DD"),""),"")) | M41: =IF('JobPlanner Data'!S42="","",IF(ISNUMBER('JobPlanner Data'!S42),TEXT('JobPlanner Data'!S42,"YYYY-MM-DD"),"")) | N41: =IF('JobPlanner Data'!R42="","",IF(ISNUMBER('JobPlanner Data'!R42),TEXT('JobPlanner Data'!R42,"YYYY-MM-DD"),"")) | O41: =IF('JobPlanner Data'!U42="","",IF(ISNUMBER('JobPlanner Data'!U42),TEXT('JobPlanner Data'!U42,"YYYY-MM-DD"),"")) | P41: =IF('JobPlanner Data'!O42="","","JobPlanner Data'!O42) | Q41: =IF('JobPlanner Data'!P42="","","JobPlanner Data'!P42)
A42: =IF('JobPlanner Data'!A43="","",IF(ISBLANK('JobPlanner Data'!A43),"",'JobPlanner Data'!A43)) | B42: =IF('JobPlanner Data'!B43="","",LOWER('JobPlanner Data'!B43)) | C42: =IF('JobPlanner Data'!D43<>"","JobPlanner Data'!D43,IF('JobPlanner Data'!F43<>"","JobPlanner Data'!F43,"")) | D42: =IF('JobPlanner Data'!J43="","",LOWER('JobPlanner Data'!J43)) | E42: =IF('JobPlanner Data'!C43="","",IFERROR(VLOOKUP('JobPlanner Data'!C43,'Company Lookup'!A:B,2,FALSE),"[NOT FOUND]")) | F42: =IF('JobPlanner Data'!G43="","",VALUE(SUBSTITUTE(SUBSTITUTE('JobPlanner Data'!G43,"$",""),",",""))) | G42: ="amount" | H42: =IF('JobPlanner Data'!L43="","","JobPlanner Data'!L43) | I42: =IF('JobPlanner Data'!H43="","","JobPlanner Data'!H43) | J42: =IF('JobPlanner Data'!N43="","",IF(ISNUMBER('JobPlanner Data'!N43),TEXT('JobPlanner Data'!N43,"YYYY-MM-DD"),"")) | K42: =IF('JobPlanner Data'!Q43="","",IF(ISNUMBER('JobPlanner Data'!Q43),TEXT('JobPlanner Data'!Q43,"YYYY-MM-DD"),"")) | L42: =IF('JobPlanner Data'!I43<>"",IF(ISNUMBER('JobPlanner Data'!I43),TEXT('JobPlanner Data'!I43,"YYYY-MM-DD"),""),IF('JobPlanner Data'!T43<>"",IF(ISNUMBER('JobPlanner Data'!T43),TEXT('JobPlanner Data'!T43,"YYYY-MM-DD"),""),"")) | M42: =IF('JobPlanner Data'!S43="","",IF(ISNUMBER('JobPlanner Data'!S43),TEXT('JobPlanner Data'!S43,"YYYY-MM-DD"),"")) | N42: =IF('JobPlanner Data'!R43="","",IF(ISNUMBER('JobPlanner Data'!R43),TEXT('JobPlanner Data'!R43,"YYYY-MM-DD"),"")) | O42: =IF('JobPlanner Data'!U43="","",IF(ISNUMBER('JobPlanner Data'!U43),TEXT('JobPlanner Data'!U43,"YYYY-MM-DD"),"")) | P42: =IF('JobPlanner Data'!O43="","","JobPlanner Data'!O43) | Q42: =IF('JobPlanner Data'!P43="","","JobPlanner Data'!P43)
A43: =IF('JobPlanner Data'!A44="","",IF(ISBLANK('JobPlanner Data'!A44),"",'JobPlanner Data'!A44)) | B43: =IF('JobPlanner Data'!B44="","",LOWER('JobPlanner Data'!B44)) | C43: =IF('JobPlanner Data'!D44<>"","JobPlanner Data'!D44,IF('JobPlanner Data'!F44<>"","JobPlanner Data'!F44,"")) | D43: =IF('JobPlanner Data'!J44="","",LOWER('JobPlanner Data'!J44)) | E43: =IF('JobPlanner Data'!C44="","",IFERROR(VLOOKUP('JobPlanner Data'!C44,'Company Lookup'!A:B,2,FALSE),"[NOT FOUND]")) | F43: =IF('JobPlanner Data'!G44="","",VALUE(SUBSTITUTE(SUBSTITUTE('JobPlanner Data'!G44,"$",""),",",""))) | G43: ="amount" | H43: =IF('JobPlanner Data'!L44="","","JobPlanner Data'!L44) | I43: =IF('JobPlanner Data'!H44="","","JobPlanner Data'!H44) | J43: =IF('JobPlanner Data'!N44="","",IF(ISNUMBER('JobPlanner Data'!N44),TEXT('JobPlanner Data'!N44,"YYYY-MM-DD"),"")) | K43: =IF('JobPlanner Data'!Q44="","",IF(ISNUMBER('JobPlanner Data'!Q44),TEXT('JobPlanner Data'!Q44,"YYYY-MM-DD"),"")) | L43: =IF('JobPlanner Data'!I44<>"",IF(ISNUMBER('JobPlanner Data'!I44),TEXT('JobPlanner Data'!I44,"YYYY-MM-DD"),""),IF('JobPlanner Data'!T44<>"",IF(ISNUMBER('JobPlanner Data'!T44),TEXT('JobPlanner Data'!T44,"YYYY-MM-DD"),""),"")) | M43: =IF('JobPlanner Data'!S44="","",IF(ISNUMBER('JobPlanner Data'!S44),TEXT('JobPlanner Data'!S44,"YYYY-MM-DD"),"")) | N43: =IF('JobPlanner Data'!R44="","",IF(ISNUMBER('JobPlanner Data'!R44),TEXT('JobPlanner Data'!R44,"YYYY-MM-DD"),"")) | O43: =IF('JobPlanner Data'!U44="","",IF(ISNUMBER('JobPlanner Data'!U44),TEXT('JobPlanner Data'!U44,"YYYY-MM-DD"),"")) | P43: =IF('JobPlanner Data'!O44="","","JobPlanner Data'!O44) | Q43: =IF('JobPlanner Data'!P44="","","JobPlanner Data'!P44)
A44: =IF('JobPlanner Data'!A45="","",IF(ISBLANK('JobPlanner Data'!A45),"",'JobPlanner Data'!A45)) | B44: =IF('JobPlanner Data'!B45="","",LOWER('JobPlanner Data'!B45)) | C44: =IF('JobPlanner Data'!D45<>"","JobPlanner Data'!D45,IF('JobPlanner Data'!F45<>"","JobPlanner Data'!F45,"")) | D44: =IF('JobPlanner Data'!J45="","",LOWER('JobPlanner Data'!J45)) | E44: =IF('JobPlanner Data'!C45="","",IFERROR(VLOOKUP('JobPlanner Data'!C45,'Company Lookup'!A:B,2,FALSE),"[NOT FOUND]")) | F44: =IF('JobPlanner Data'!G45="","",VALUE(SUBSTITUTE(SUBSTITUTE('JobPlanner Data'!G45,"$",""),",",""))) | G44: ="amount" | H44: =IF('JobPlanner Data'!L45="","","JobPlanner Data'!L45) | I44: =IF('JobPlanner Data'!H45="","","JobPlanner Data'!H45) | J44: =IF('JobPlanner Data'!N45="","",IF(ISNUMBER('JobPlanner Data'!N45),TEXT('JobPlanner Data'!N45,"YYYY-MM-DD"),"")) | K44: =IF('JobPlanner Data'!Q45="","",IF(ISNUMBER('JobPlanner Data'!Q45),TEXT('JobPlanner Data'!Q45,"YYYY-MM-DD"),"")) | L44: =IF('JobPlanner Data'!I45<>"",IF(ISNUMBER('JobPlanner Data'!I45),TEXT('JobPlanner Data'!I45,"YYYY-MM-DD"),""),IF('JobPlanner Data'!T45<>"",IF(ISNUMBER('JobPlanner Data'!T45),TEXT('JobPlanner Data'!T45,"YYYY-MM-DD"),""),"")) | M44: =IF('JobPlanner Data'!S45="","",IF(ISNUMBER('JobPlanner Data'!S45),TEXT('JobPlanner Data'!S45,"YYYY-MM-DD"),"")) | N44: =IF('JobPlanner Data'!R45="","",IF(ISNUMBER('JobPlanner Data'!R45),TEXT('JobPlanner Data'!R45,"YYYY-MM-DD"),"")) | O44: =IF('JobPlanner Data'!U45="","",IF(ISNUMBER('JobPlanner Data'!U45),TEXT('JobPlanner Data'!U45,"YYYY-MM-DD"),"")) | P44: =IF('JobPlanner Data'!O45="","","JobPlanner Data'!O45) | Q44: =IF('JobPlanner Data'!P45="","","JobPlanner Data'!P45)
A45: =IF('JobPlanner Data'!A46="","",IF(ISBLANK('JobPlanner Data'!A46),"",'JobPlanner Data'!A46)) | B45: =IF('JobPlanner Data'!B46="","",LOWER('JobPlanner Data'!B46)) | C45: =IF('JobPlanner Data'!D46<>"","JobPlanner Data'!D46,IF('JobPlanner Data'!F46<>"","JobPlanner Data'!F46,"")) | D45: =IF('JobPlanner Data'!J46="","",LOWER('JobPlanner Data'!J46)) | E45: =IF('JobPlanner Data'!C46="","",IFERROR(VLOOKUP('JobPlanner Data'!C46,'Company Lookup'!A:B,2,FALSE),"[NOT FOUND]")) | F45: =IF('JobPlanner Data'!G46="","",VALUE(SUBSTITUTE(SUBSTITUTE('JobPlanner Data'!G46,"$",""),",",""))) | G45: ="amount" | H45: =IF('JobPlanner Data'!L46="","","JobPlanner Data'!L46) | I45: =IF('JobPlanner Data'!H46="","","JobPlanner Data'!H46) | J45: =IF('JobPlanner Data'!N46="","",IF(ISNUMBER('JobPlanner Data'!N46),TEXT('JobPlanner Data'!N46,"YYYY-MM-DD"),"")) | K45: =IF('JobPlanner Data'!Q46="","",IF(ISNUMBER('JobPlanner Data'!Q46),TEXT('JobPlanner Data'!Q46,"YYYY-MM-DD"),"")) | L45: =IF('JobPlanner Data'!I46<>"",IF(ISNUMBER('JobPlanner Data'!I46),TEXT('JobPlanner Data'!I46,"YYYY-MM-DD"),""),IF('JobPlanner Data'!T46<>"",IF(ISNUMBER('JobPlanner Data'!T46),TEXT('JobPlanner Data'!T46,"YYYY-MM-DD"),""),"")) | M45: =IF('JobPlanner Data'!S46="","",IF(ISNUMBER('JobPlanner Data'!S46),TEXT('JobPlanner Data'!S46,"YYYY-MM-DD"),"")) | N45: =IF('JobPlanner Data'!R46="","",IF(ISNUMBER('JobPlanner Data'!R46),TEXT('JobPlanner Data'!R46,"YYYY-MM-DD"),"")) | O45: =IF('JobPlanner Data'!U46="","",IF(ISNUMBER('JobPlanner Data'!U46),TEXT('JobPlanner Data'!U46,"YYYY-MM-DD"),"")) | P45: =IF('JobPlanner Data'!O46="","","JobPlanner Data'!O46) | Q45: =IF('JobPlanner Data'!P46="","","JobPlanner Data'!P46)
A46: =IF('JobPlanner Data'!A47="","",IF(ISBLANK('JobPlanner Data'!A47),"",'JobPlanner Data'!A47)) | B46: =IF('JobPlanner Data'!B47="","",LOWER('JobPlanner Data'!B47)) | C46: =IF('JobPlanner Data'!D47<>"","JobPlanner Data'!D47,IF('JobPlanner Data'!F47<>"","JobPlanner Data'!F47,"")) | D46: =IF('JobPlanner Data'!J47="","",LOWER('JobPlanner Data'!J47)) | E46: =IF('JobPlanner Data'!C47="","",IFERROR(VLOOKUP('JobPlanner Data'!C47,'Company Lookup'!A:B,2,FALSE),"[NOT FOUND]")) | F46: =IF('JobPlanner Data'!G47="","",VALUE(SUBSTITUTE(SUBSTITUTE('JobPlanner Data'!G47,"$",""),",",""))) | G46: ="amount" | H46: =IF('JobPlanner Data'!L47="","","JobPlanner Data'!L47) | I46: =IF('JobPlanner Data'!H47="","","JobPlanner Data'!H47) | J46: =IF('JobPlanner Data'!N47="","",IF(ISNUMBER('JobPlanner Data'!N47),TEXT('JobPlanner Data'!N47,"YYYY-MM-DD"),"")) | K46: =IF('JobPlanner Data'!Q47="","",IF(ISNUMBER('JobPlanner Data'!Q47),TEXT('JobPlanner Data'!Q47,"YYYY-MM-DD"),"")) | L46: =IF('JobPlanner Data'!I47<>"",IF(ISNUMBER('JobPlanner Data'!I47),TEXT('JobPlanner Data'!I47,"YYYY-MM-DD"),""),IF('JobPlanner Data'!T47<>"",IF(ISNUMBER('JobPlanner Data'!T47),TEXT('JobPlanner Data'!T47,"YYYY-MM-DD"),""),"")) | M46: =IF('JobPlanner Data'!S47="","",IF(ISNUMBER('JobPlanner Data'!S47),TEXT('JobPlanner Data'!S47,"YYYY-MM-DD"),"")) | N46: =IF('JobPlanner Data'!R47="","",IF(ISNUMBER('JobPlanner Data'!R47),TEXT('JobPlanner Data'!R47,"YYYY-MM-DD"),"")) | O46: =IF('JobPlanner Data'!U47="","",IF(ISNUMBER('JobPlanner Data'!U47),TEXT('JobPlanner Data'!U47,"YYYY-MM-DD"),"")) | P46: =IF('JobPlanner Data'!O47="","","JobPlanner Data'!O47) | Q46: =IF('JobPlanner Data'!P47="","","JobPlanner Data'!P47)
A47: =IF('JobPlanner Data'!A48="","",IF(ISBLANK('JobPlanner Data'!A48),"",'JobPlanner Data'!A48)) | B47: =IF('JobPlanner Data'!B48="","",LOWER('JobPlanner Data'!B48)) | C47: =IF('JobPlanner Data'!D48<>"","JobPlanner Data'!D48,IF('JobPlanner Data'!F48<>"","JobPlanner Data'!F48,"")) | D47: =IF('JobPlanner Data'!J48="","",LOWER('JobPlanner Data'!J48)) | E47: =IF('JobPlanner Data'!C48="","",IFERROR(VLOOKUP('JobPlanner Data'!C48,'Company Lookup'!A:B,2,FALSE),"[NOT FOUND]")) | F47: =IF('JobPlanner Data'!G48="","",VALUE(SUBSTITUTE(SUBSTITUTE('JobPlanner Data'!G48,"$",""),",",""))) | G47: ="amount" | H47: =IF('JobPlanner Data'!L48="","","JobPlanner Data'!L48) | I47: =IF('JobPlanner Data'!H48="","","JobPlanner Data'!H48) | J47: =IF('JobPlanner Data'!N48="","",IF(ISNUMBER('JobPlanner Data'!N48),TEXT('JobPlanner Data'!N48,"YYYY-MM-DD"),"")) | K47: =IF('JobPlanner Data'!Q48="","",IF(ISNUMBER('JobPlanner Data'!Q48),TEXT('JobPlanner Data'!Q48,"YYYY-MM-DD"),"")) | L47: =IF('JobPlanner Data'!I48<>"",IF(ISNUMBER('JobPlanner Data'!I48),TEXT('JobPlanner Data'!I48,"YYYY-MM-DD"),""),IF('JobPlanner Data'!T48<>"",IF(ISNUMBER('JobPlanner Data'!T48),TEXT('JobPlanner Data'!T48,"YYYY-MM-DD"),""),"")) | M47: =IF('JobPlanner Data'!S48="","",IF(ISNUMBER('JobPlanner Data'!S48),TEXT('JobPlanner Data'!S48,"YYYY-MM-DD"),"")) | N47: =IF('JobPlanner Data'!R48="","",IF(ISNUMBER('JobPlanner Data'!R48),TEXT('JobPlanner Data'!R48,"YYYY-MM-DD"),"")) | O47: =IF('JobPlanner Data'!U48="","",IF(ISNUMBER('JobPlanner Data'!U48),TEXT('JobPlanner Data'!U48,"YYYY-MM-DD"),"")) | P47: =IF('JobPlanner Data'!O48="","","JobPlanner Data'!O48) | Q47: =IF('JobPlanner Data'!P48="","","JobPlanner Data'!P48)
A48: =IF('JobPlanner Data'!A49="","",IF(ISBLANK('JobPlanner Data'!A49),"",'JobPlanner Data'!A49)) | B48: =IF('JobPlanner Data'!B49="","",LOWER('JobPlanner Data'!B49)) | C48: =IF('JobPlanner Data'!D49<>"","JobPlanner Data'!D49,IF('JobPlanner Data'!F49<>"","JobPlanner Data'!F49,"")) | D48: =IF('JobPlanner Data'!J49="","",LOWER('JobPlanner Data'!J49)) | E48: =IF('JobPlanner Data'!C49="","",IFERROR(VLOOKUP('JobPlanner Data'!C49,'Company Lookup'!A:B,2,FALSE),"[NOT FOUND]")) | F48: =IF('JobPlanner Data'!G49="","",VALUE(SUBSTITUTE(SUBSTITUTE('JobPlanner Data'!G49,"$",""),",",""))) | G48: ="amount" | H48: =IF('JobPlanner Data'!L49="","","JobPlanner Data'!L49) | I48: =IF('JobPlanner Data'!H49="","","JobPlanner Data'!H49) | J48: =IF('JobPlanner Data'!N49="","",IF(ISNUMBER('JobPlanner Data'!N49),TEXT('JobPlanner Data'!N49,"YYYY-MM-DD"),"")) | K48: =IF('JobPlanner Data'!Q49="","",IF(ISNUMBER('JobPlanner Data'!Q49),TEXT('JobPlanner Data'!Q49,"YYYY-MM-DD"),"")) | L48: =IF('JobPlanner Data'!I49<>"",IF(ISNUMBER('JobPlanner Data'!I49),TEXT('JobPlanner Data'!I49,"YYYY-MM-DD"),""),IF('JobPlanner Data'!T49<>"",IF(ISNUMBER('JobPlanner Data'!T49),TEXT('JobPlanner Data'!T49,"YYYY-MM-DD"),""),"")) | M48: =IF('JobPlanner Data'!S49="","",IF(ISNUMBER('JobPlanner Data'!S49),TEXT('JobPlanner Data'!S49,"YYYY-MM-DD"),"")) | N48: =IF('JobPlanner Data'!R49="","",IF(ISNUMBER('JobPlanner Data'!R49),TEXT('JobPlanner Data'!R49,"YYYY-MM-DD"),"")) | O48: =IF('JobPlanner Data'!U49="","",IF(ISNUMBER('JobPlanner Data'!U49),TEXT('JobPlanner Data'!U49,"YYYY-MM-DD"),"")) | P48: =IF('JobPlanner Data'!O49="","","JobPlanner Data'!O49) | Q48: =IF('JobPlanner Data'!P49="","","JobPlanner Data'!P49)
A49: =IF('JobPlanner Data'!A50="","",IF(ISBLANK('JobPlanner Data'!A50),"",'JobPlanner Data'!A50)) | B49: =IF('JobPlanner Data'!B50="","",LOWER('JobPlanner Data'!B50)) | C49: =IF('JobPlanner Data'!D50<>"","JobPlanner Data'!D50,IF('JobPlanner Data'!F50<>"","JobPlanner Data'!F50,"")) | D49: =IF('JobPlanner Data'!J50="","",LOWER('JobPlanner Data'!J50)) | E49: =IF('JobPlanner Data'!C50="","",IFERROR(VLOOKUP('JobPlanner Data'!C50,'Company Lookup'!A:B,2,FALSE),"[NOT FOUND]")) | F49: =IF('JobPlanner Data'!G50="","",VALUE(SUBSTITUTE(SUBSTITUTE('JobPlanner Data'!G50,"$",""),",",""))) | G49: ="amount" | H49: =IF('JobPlanner Data'!L50="","","JobPlanner Data'!L50) | I49: =IF('JobPlanner Data'!H50="","","JobPlanner Data'!H50) | J49: =IF('JobPlanner Data'!N50="","",IF(ISNUMBER('JobPlanner Data'!N50),TEXT('JobPlanner Data'!N50,"YYYY-MM-DD"),"")) | K49: =IF('JobPlanner Data'!Q50="","",IF(ISNUMBER('JobPlanner Data'!Q50),TEXT('JobPlanner Data'!Q50,"YYYY-MM-DD"),"")) | L49: =IF('JobPlanner Data'!I50<>"",IF(ISNUMBER('JobPlanner Data'!I50),TEXT('JobPlanner Data'!I50,"YYYY-MM-DD"),""),IF('JobPlanner Data'!T50<>"",IF(ISNUMBER('JobPlanner Data'!T50),TEXT('JobPlanner Data'!T50,"YYYY-MM-DD"),""),"")) | M49: =IF('JobPlanner Data'!S50="","",IF(ISNUMBER('JobPlanner Data'!S50),TEXT('JobPlanner Data'!S50,"YYYY-MM-DD"),"")) | N49: =IF('JobPlanner Data'!R50="","",IF(ISNUMBER('JobPlanner Data'!R50),TEXT('JobPlanner Data'!R50,"YYYY-MM-DD"),"")) | O49: =IF('JobPlanner Data'!U50="","",IF(ISNUMBER('JobPlanner Data'!U50),TEXT('JobPlanner Data'!U50,"YYYY-MM-DD"),"")) | P49: =IF('JobPlanner Data'!O50="","","JobPlanner Data'!O50) | Q49: =IF('JobPlanner Data'!P50="","","JobPlanner Data'!P50)
A50: =IF('JobPlanner Data'!A51="","",IF(ISBLANK('JobPlanner Data'!A51),"",'JobPlanner Data'!A51)) | B50: =IF('JobPlanner Data'!B51="","",LOWER('JobPlanner Data'!B51)) | C50: =IF('JobPlanner Data'!D51<>"","JobPlanner Data'!D51,IF('JobPlanner Data'!F51<>"","JobPlanner Data'!F51,"")) | D50: =IF('JobPlanner Data'!J51="","",LOWER('JobPlanner Data'!J51)) | E50: =IF('JobPlanner Data'!C51="","",IFERROR(VLOOKUP('JobPlanner Data'!C51,'Company Lookup'!A:B,2,FALSE),"[NOT FOUND]")) | F50: =IF('JobPlanner Data'!G51="","",VALUE(SUBSTITUTE(SUBSTITUTE('JobPlanner Data'!G51,"$",""),",",""))) | G50: ="amount" | H50: =IF('JobPlanner Data'!L51="","","JobPlanner Data'!L51) | I50: =IF('JobPlanner Data'!H51="","","JobPlanner Data'!H51) | J50: =IF('JobPlanner Data'!N51="","",IF(ISNUMBER('JobPlanner Data'!N51),TEXT('JobPlanner Data'!N51,"YYYY-MM-DD"),"")) | K50: =IF('JobPlanner Data'!Q51="","",IF(ISNUMBER('JobPlanner Data'!Q51),TEXT('JobPlanner Data'!Q51,"YYYY-MM-DD"),"")) | L50: =IF('JobPlanner Data'!I51<>"",IF(ISNUMBER('JobPlanner Data'!I51),TEXT('JobPlanner Data'!I51,"YYYY-MM-DD"),""),IF('JobPlanner Data'!T51<>"",IF(ISNUMBER('JobPlanner Data'!T51),TEXT('JobPlanner Data'!T51,"YYYY-MM-DD"),""),"")) | M50: =IF('JobPlanner Data'!S51="","",IF(ISNUMBER('JobPlanner Data'!S51),TEXT('JobPlanner Data'!S51,"YYYY-MM-DD"),"")) | N50: =IF('JobPlanner Data'!R51="","",IF(ISNUMBER('JobPlanner Data'!R51),TEXT('JobPlanner Data'!R51,"YYYY-MM-DD"),"")) | O50: =IF('JobPlanner Data'!U51="","",IF(ISNUMBER('JobPlanner Data'!U51),TEXT('JobPlanner Data'!U51,"YYYY-MM-DD"),"")) | P50: =IF('JobPlanner Data'!O51="","","JobPlanner Data'!O51) | Q50: =IF('JobPlanner Data'!P51="","","JobPlanner Data'!P51)
A51: =IF('JobPlanner Data'!A52="","",IF(ISBLANK('JobPlanner Data'!A52),"",'JobPlanner Data'!A52)) | B51: =IF('JobPlanner Data'!B52="","",LOWER('JobPlanner Data'!B52)) | C51: =IF('JobPlanner Data'!D52<>"","JobPlanner Data'!D52,IF('JobPlanner Data'!F52<>"","JobPlanner Data'!F52,"")) | D51: =IF('JobPlanner Data'!J52="","",LOWER('JobPlanner Data'!J52)) | E51: =IF('JobPlanner Data'!C52="","",IFERROR(VLOOKUP('JobPlanner Data'!C52,'Company Lookup'!A:B,2,FALSE),"[NOT FOUND]")) | F51: =IF('JobPlanner Data'!G52="","",VALUE(SUBSTITUTE(SUBSTITUTE('JobPlanner Data'!G52,"$",""),",",""))) | G51: ="amount" | H51: =IF('JobPlanner Data'!L52="","","JobPlanner Data'!L52) | I51: =IF('JobPlanner Data'!H52="","","JobPlanner Data'!H52) | J51: =IF('JobPlanner Data'!N52="","",IF(ISNUMBER('JobPlanner Data'!N52),TEXT('JobPlanner Data'!N52,"YYYY-MM-DD"),"")) | K51: =IF('JobPlanner Data'!Q52="","",IF(ISNUMBER('JobPlanner Data'!Q52),TEXT('JobPlanner Data'!Q52,"YYYY-MM-DD"),"")) | L51: =IF('JobPlanner Data'!I52<>"",IF(ISNUMBER('JobPlanner Data'!I52),TEXT('JobPlanner Data'!I52,"YYYY-MM-DD"),""),IF('JobPlanner Data'!T52<>"",IF(ISNUMBER('JobPlanner Data'!T52),TEXT('JobPlanner Data'!T52,"YYYY-MM-DD"),""),"")) | M51: =IF('JobPlanner Data'!S52="","",IF(ISNUMBER('JobPlanner Data'!S52),TEXT('JobPlanner Data'!S52,"YYYY-MM-DD"),"")) | N51: =IF('JobPlanner Data'!R52="","",IF(ISNUMBER('JobPlanner Data'!R52),TEXT('JobPlanner Data'!R52,"YYYY-MM-DD"),"")) | O51: =IF('JobPlanner Data'!U52="","",IF(ISNUMBER('JobPlanner Data'!U52),TEXT('JobPlanner Data'!U52,"YYYY-MM-DD"),"")) | P51: =IF('JobPlanner Data'!O52="","","JobPlanner Data'!O52) | Q51: =IF('JobPlanner Data'!P52="","","JobPlanner Data'!P52)
A52: =IF('JobPlanner Data'!A53="","",IF(ISBLANK('JobPlanner Data'!A53),"",'JobPlanner Data'!A53)) | B52: =IF('JobPlanner Data'!B53="","",LOWER('JobPlanner Data'!B53)) | C52: =IF('JobPlanner Data'!D53<>"","JobPlanner Data'!D53,IF('JobPlanner Data'!F53<>"","JobPlanner Data'!F53,"")) | D52: =IF('JobPlanner Data'!J53="","",LOWER('JobPlanner Data'!J53)) | E52: =IF('JobPlanner Data'!C53="","",IFERROR(VLOOKUP('JobPlanner Data'!C53,'Company Lookup'!A:B,2,FALSE),"[NOT FOUND]")) | F52: =IF('JobPlanner Data'!G53="","",VALUE(SUBSTITUTE(SUBSTITUTE('JobPlanner Data'!G53,"$",""),",",""))) | G52: ="amount" | H52: =IF('JobPlanner Data'!L53="","","JobPlanner Data'!L53) | I52: =IF('JobPlanner Data'!H53="","","JobPlanner Data'!H53) | J52: =IF('JobPlanner Data'!N53="","",IF(ISNUMBER('JobPlanner Data'!N53),TEXT('JobPlanner Data'!N53,"YYYY-MM-DD"),"")) | K52: =IF('JobPlanner Data'!Q53="","",IF(ISNUMBER('JobPlanner Data'!Q53),TEXT('JobPlanner Data'!Q53,"YYYY-MM-DD"),"")) | L52: =IF('JobPlanner Data'!I53<>"",IF(ISNUMBER('JobPlanner Data'!I53),TEXT('JobPlanner Data'!I53,"YYYY-MM-DD"),""),IF('JobPlanner Data'!T53<>"",IF(ISNUMBER('JobPlanner Data'!T53),TEXT('JobPlanner Data'!T53,"YYYY-MM-DD"),""),"")) | M52: =IF('JobPlanner Data'!S53="","",IF(ISNUMBER('JobPlanner Data'!S53),TEXT('JobPlanner Data'!S53,"YYYY-MM-DD"),"")) | N52: =IF('JobPlanner Data'!R53="","",IF(ISNUMBER('JobPlanner Data'!R53),TEXT('JobPlanner Data'!R53,"YYYY-MM-DD"),"")) | O52: =IF('JobPlanner Data'!U53="","",IF(ISNUMBER('JobPlanner Data'!U53),TEXT('JobPlanner Data'!U53,"YYYY-MM-DD"),"")) | P52: =IF('JobPlanner Data'!O53="","","JobPlanner Data'!O53) | Q52: =IF('JobPlanner Data'!P53="","","JobPlanner Data'!P53)
A53: =IF('JobPlanner Data'!A54="","",IF(ISBLANK('JobPlanner Data'!A54),"",'JobPlanner Data'!A54)) | B53: =IF('JobPlanner Data'!B54="","",LOWER('JobPlanner Data'!B54)) | C53: =IF('JobPlanner Data'!D54<>"","JobPlanner Data'!D54,IF('JobPlanner Data'!F54<>"","JobPlanner Data'!F54,"")) | D53: =IF('JobPlanner Data'!J54="","",LOWER('JobPlanner Data'!J54)) | E53: =IF('JobPlanner Data'!C54="","",IFERROR(VLOOKUP('JobPlanner Data'!C54,'Company Lookup'!A:B,2,FALSE),"[NOT FOUND]")) | F53: =IF('JobPlanner Data'!G54="","",VALUE(SUBSTITUTE(SUBSTITUTE('JobPlanner Data'!G54,"$",""),",",""))) | G53: ="amount" | H53: =IF('JobPlanner Data'!L54="","","JobPlanner Data'!L54) | I53: =IF('JobPlanner Data'!H54="","","JobPlanner Data'!H54) | J53: =IF('JobPlanner Data'!N54="","",IF(ISNUMBER('JobPlanner Data'!N54),TEXT('JobPlanner Data'!N54,"YYYY-MM-DD"),"")) | K53: =IF('JobPlanner Data'!Q54="","",IF(ISNUMBER('JobPlanner Data'!Q54),TEXT('JobPlanner Data'!Q54,"YYYY-MM-DD"),"")) | L53: =IF('JobPlanner Data'!I54<>"",IF(ISNUMBER('JobPlanner Data'!I54),TEXT('JobPlanner Data'!I54,"YYYY-MM-DD"),""),IF('JobPlanner Data'!T54<>"",IF(ISNUMBER('JobPlanner Data'!T54),TEXT('JobPlanner Data'!T54,"YYYY-MM-DD"),""),"")) | M53: =IF('JobPlanner Data'!S54="","",IF(ISNUMBER('JobPlanner Data'!S54),TEXT('JobPlanner Data'!S54,"YYYY-MM-DD"),"")) | N53: =IF('JobPlanner Data'!R54="","",IF(ISNUMBER('JobPlanner Data'!R54),TEXT('JobPlanner Data'!R54,"YYYY-MM-DD"),"")) | O53: =IF('JobPlanner Data'!U54="","",IF(ISNUMBER('JobPlanner Data'!U54),TEXT('JobPlanner Data'!U54,"YYYY-MM-DD"),"")) | P53: =IF('JobPlanner Data'!O54="","","JobPlanner Data'!O54) | Q53: =IF('JobPlanner Data'!P54="","","JobPlanner Data'!P54)
A54: =IF('JobPlanner Data'!A55="","",IF(ISBLANK('JobPlanner Data'!A55),"",'JobPlanner Data'!A55)) | B54: =IF('JobPlanner Data'!B55="","",LOWER('JobPlanner Data'!B55)) | C54: =IF('JobPlanner Data'!D55<>"","JobPlanner Data'!D55,IF('JobPlanner Data'!F55<>"","JobPlanner Data'!F55,"")) | D54: =IF('JobPlanner Data'!J55="","",LOWER('JobPlanner Data'!J55)) | E54: =IF('JobPlanner Data'!C55="","",IFERROR(VLOOKUP('JobPlanner Data'!C55,'Company Lookup'!A:B,2,FALSE),"[NOT FOUND]")) | F54: =IF('JobPlanner Data'!G55="","",VALUE(SUBSTITUTE(SUBSTITUTE('JobPlanner Data'!G55,"$",""),",",""))) | G54: ="amount" | H54: =IF('JobPlanner Data'!L55="","","JobPlanner Data'!L55) | I54: =IF('JobPlanner Data'!H55="","","JobPlanner Data'!H55) | J54: =IF('JobPlanner Data'!N55="","",IF(ISNUMBER('JobPlanner Data'!N55),TEXT('JobPlanner Data'!N55,"YYYY-MM-DD"),"")) | K54: =IF('JobPlanner Data'!Q55="","",IF(ISNUMBER('JobPlanner Data'!Q55),TEXT('JobPlanner Data'!Q55,"YYYY-MM-DD"),"")) | L54: =IF('JobPlanner Data'!I55<>"",IF(ISNUMBER('JobPlanner Data'!I55),TEXT('JobPlanner Data'!I55,"YYYY-MM-DD"),""),IF('JobPlanner Data'!T55<>"",IF(ISNUMBER('JobPlanner Data'!T55),TEXT('JobPlanner Data'!T55,"YYYY-MM-DD"),""),"")) | M54: =IF('JobPlanner Data'!S55="","",IF(ISNUMBER('JobPlanner Data'!S55),TEXT('JobPlanner Data'!S55,"YYYY-MM-DD"),"")) | N54: =IF('JobPlanner Data'!R55="","",IF(ISNUMBER('JobPlanner Data'!R55),TEXT('JobPlanner Data'!R55,"YYYY-MM-DD"),"")) | O54: =IF('JobPlanner Data'!U55="","",IF(ISNUMBER('JobPlanner Data'!U55),TEXT('JobPlanner Data'!U55,"YYYY-MM-DD"),"")) | P54: =IF('JobPlanner Data'!O55="","","JobPlanner Data'!O55) | Q54: =IF('JobPlanner Data'!P55="","","JobPlanner Data'!P55)
A55: =IF('JobPlanner Data'!A56="","",IF(ISBLANK('JobPlanner Data'!A56),"",'JobPlanner Data'!A56)) | B55: =IF('JobPlanner Data'!B56="","",LOWER('JobPlanner Data'!B56)) | C55: =IF('JobPlanner Data'!D56<>"","JobPlanner Data'!D56,IF('JobPlanner Data'!F56<>"","JobPlanner Data'!F56,"")) | D55: =IF('JobPlanner Data'!J56="","",LOWER('JobPlanner Data'!J56)) | E55: =IF('JobPlanner Data'!C56="","",IFERROR(VLOOKUP('JobPlanner Data'!C56,'Company Lookup'!A:B,2,FALSE),"[NOT FOUND]")) | F55: =IF('JobPlanner Data'!G56="","",VALUE(SUBSTITUTE(SUBSTITUTE('JobPlanner Data'!G56,"$",""),",",""))) | G55: ="amount" | H55: =IF('JobPlanner Data'!L56="","","JobPlanner Data'!L56) | I55: =IF('JobPlanner Data'!H56="","","JobPlanner Data'!H56) | J55: =IF('JobPlanner Data'!N56="","",IF(ISNUMBER('JobPlanner Data'!N56),TEXT('JobPlanner Data'!N56,"YYYY-MM-DD"),"")) | K55: =IF('JobPlanner Data'!Q56="","",IF(ISNUMBER('JobPlanner Data'!Q56),TEXT('JobPlanner Data'!Q56,"YYYY-MM-DD"),"")) | L55: =IF('JobPlanner Data'!I56<>"",IF(ISNUMBER('JobPlanner Data'!I56),TEXT('JobPlanner Data'!I56,"YYYY-MM-DD"),""),IF('JobPlanner Data'!T56<>"",IF(ISNUMBER('JobPlanner Data'!T56),TEXT('JobPlanner Data'!T56,"YYYY-MM-DD"),""),"")) | M55: =IF('JobPlanner Data'!S56="","",IF(ISNUMBER('JobPlanner Data'!S56),TEXT('JobPlanner Data'!S56,"YYYY-MM-DD"),"")) | N55: =IF('JobPlanner Data'!R56="","",IF(ISNUMBER('JobPlanner Data'!R56),TEXT('JobPlanner Data'!R56,"YYYY-MM-DD"),"")) | O55: =IF('JobPlanner Data'!U56="","",IF(ISNUMBER('JobPlanner Data'!U56),TEXT('JobPlanner Data'!U56,"YYYY-MM-DD"),"")) | P55: =IF('JobPlanner Data'!O56="","","JobPlanner Data'!O56) | Q55: =IF('JobPlanner Data'!P56="","","JobPlanner Data'!P56)
A56: =IF('JobPlanner Data'!A57="","",IF(ISBLANK('JobPlanner Data'!A57),"",'JobPlanner Data'!A57)) | B56: =IF('JobPlanner Data'!B57="","",LOWER('JobPlanner Data'!B57)) | C56: =IF('JobPlanner Data'!D57<>"","JobPlanner Data'!D57,IF('JobPlanner Data'!F57<>"","JobPlanner Data'!F57,"")) | D56: =IF('JobPlanner Data'!J57="","",LOWER('JobPlanner Data'!J57)) | E56: =IF('JobPlanner Data'!C57="","",IFERROR(VLOOKUP('JobPlanner Data'!C57,'Company Lookup'!A:B,2,FALSE),"[NOT FOUND]")) | F56: =IF('JobPlanner Data'!G57="","",VALUE(SUBSTITUTE(SUBSTITUTE('JobPlanner Data'!G57,"$",""),",",""))) | G56: ="amount" | H56: =IF('JobPlanner Data'!L57="","","JobPlanner Data'!L57) | I56: =IF('JobPlanner Data'!H57="","","JobPlanner Data'!H57) | J56: =IF('JobPlanner Data'!N57="","",IF(ISNUMBER('JobPlanner Data'!N57),TEXT('JobPlanner Data'!N57,"YYYY-MM-DD"),"")) | K56: =IF('JobPlanner Data'!Q57="","",IF(ISNUMBER('JobPlanner Data'!Q57),TEXT('JobPlanner Data'!Q57,"YYYY-MM-DD"),"")) | L56: =IF('JobPlanner Data'!I57<>"",IF(ISNUMBER('JobPlanner Data'!I57),TEXT('JobPlanner Data'!I57,"YYYY-MM-DD"),""),IF('JobPlanner Data'!T57<>"",IF(ISNUMBER('JobPlanner Data'!T57),TEXT('JobPlanner Data'!T57,"YYYY-MM-DD"),""),"")) | M56: =IF('JobPlanner Data'!S57="","",IF(ISNUMBER('JobPlanner Data'!S57),TEXT('JobPlanner Data'!S57,"YYYY-MM-DD"),"")) | N56: =IF('JobPlanner Data'!R57="","",IF(ISNUMBER('JobPlanner Data'!R57),TEXT('JobPlanner Data'!R57,"YYYY-MM-DD"),"")) | O56: =IF('JobPlanner Data'!U57="","",IF(ISNUMBER('JobPlanner Data'!U57),TEXT('JobPlanner Data'!U57,"YYYY-MM-DD"),"")) | P56: =IF('JobPlanner Data'!O57="","","JobPlanner Data'!O57) | Q56: =IF('JobPlanner Data'!P57="","","JobPlanner Data'!P57)
A57: =IF('JobPlanner Data'!A58="","",IF(ISBLANK('JobPlanner Data'!A58),"",'JobPlanner Data'!A58)) | B57: =IF('JobPlanner Data'!B58="","",LOWER('JobPlanner Data'!B58)) | C57: =IF('JobPlanner Data'!D58<>"","JobPlanner Data'!D58,IF('JobPlanner Data'!F58<>"","JobPlanner Data'!F58,"")) | D57: =IF('JobPlanner Data'!J58="","",LOWER('JobPlanner Data'!J58)) | E57: =IF('JobPlanner Data'!C58="","",IFERROR(VLOOKUP('JobPlanner Data'!C58,'Company Lookup'!A:B,2,FALSE),"[NOT FOUND]")) | F57: =IF('JobPlanner Data'!G58="","",VALUE(SUBSTITUTE(SUBSTITUTE('JobPlanner Data'!G58,"$",""),",",""))) | G57: ="amount" | H57: =IF('JobPlanner Data'!L58="","","JobPlanner Data'!L58) | I57: =IF('JobPlanner Data'!H58="","","JobPlanner Data'!H58) | J57: =IF('JobPlanner Data'!N58="","",IF(ISNUMBER('JobPlanner Data'!N58),TEXT('JobPlanner Data'!N58,"YYYY-MM-DD"),"")) | K57: =IF('JobPlanner Data'!Q58="","",IF(ISNUMBER('JobPlanner Data'!Q58),TEXT('JobPlanner Data'!Q58,"YYYY-MM-DD"),"")) | L57: =IF('JobPlanner Data'!I58<>"",IF(ISNUMBER('JobPlanner Data'!I58),TEXT('JobPlanner Data'!I58,"YYYY-MM-DD"),""),IF('JobPlanner Data'!T58<>"",IF(ISNUMBER('JobPlanner Data'!T58),TEXT('JobPlanner Data'!T58,"YYYY-MM-DD"),""),"")) | M57: =IF('JobPlanner Data'!S58="","",IF(ISNUMBER('JobPlanner Data'!S58),TEXT('JobPlanner Data'!S58,"YYYY-MM-DD"),"")) | N57: =IF('JobPlanner Data'!R58="","",IF(ISNUMBER('JobPlanner Data'!R58),TEXT('JobPlanner Data'!R58,"YYYY-MM-DD"),"")) | O57: =IF('JobPlanner Data'!U58="","",IF(ISNUMBER('JobPlanner Data'!U58),TEXT('JobPlanner Data'!U58,"YYYY-MM-DD"),"")) | P57: =IF('JobPlanner Data'!O58="","","JobPlanner Data'!O58) | Q57: =IF('JobPlanner Data'!P58="","","JobPlanner Data'!P58)
A58: =IF('JobPlanner Data'!A59="","",IF(ISBLANK('JobPlanner Data'!A59),"",'JobPlanner Data'!A59)) | B58: =IF('JobPlanner Data'!B59="","",LOWER('JobPlanner Data'!B59)) | C58: =IF('JobPlanner Data'!D59<>"","JobPlanner Data'!D59,IF('JobPlanner Data'!F59<>"","JobPlanner Data'!F59,"")) | D58: =IF('JobPlanner Data'!J59="","",LOWER('JobPlanner Data'!J59)) | E58: =IF('JobPlanner Data'!C59="","",IFERROR(VLOOKUP('JobPlanner Data'!C59,'Company Lookup'!A:B,2,FALSE),"[NOT FOUND]")) | F58: =IF('JobPlanner Data'!G59="","",VALUE(SUBSTITUTE(SUBSTITUTE('JobPlanner Data'!G59,"$",""),",",""))) | G58: ="amount" | H58: =IF('JobPlanner Data'!L59="","","JobPlanner Data'!L59) | I58: =IF('JobPlanner Data'!H59="","","JobPlanner Data'!H59) | J58: =IF('JobPlanner Data'!N59="","",IF(ISNUMBER('JobPlanner Data'!N59),TEXT('JobPlanner Data'!N59,"YYYY-MM-DD"),"")) | K58: =IF('JobPlanner Data'!Q59="","",IF(ISNUMBER('JobPlanner Data'!Q59),TEXT('JobPlanner Data'!Q59,"YYYY-MM-DD"),"")) | L58: =IF('JobPlanner Data'!I59<>"",IF(ISNUMBER('JobPlanner Data'!I59),TEXT('JobPlanner Data'!I59,"YYYY-MM-DD"),""),IF('JobPlanner Data'!T59<>"",IF(ISNUMBER('JobPlanner Data'!T59),TEXT('JobPlanner Data'!T59,"YYYY-MM-DD"),""),"")) | M58: =IF('JobPlanner Data'!S59="","",IF(ISNUMBER('JobPlanner Data'!S59),TEXT('JobPlanner Data'!S59,"YYYY-MM-DD"),"")) | N58: =IF('JobPlanner Data'!R59="","",IF(ISNUMBER('JobPlanner Data'!R59),TEXT('JobPlanner Data'!R59,"YYYY-MM-DD"),"")) | O58: =IF('JobPlanner Data'!U59="","",IF(ISNUMBER('JobPlanner Data'!U59),TEXT('JobPlanner Data'!U59,"YYYY-MM-DD"),"")) | P58: =IF('JobPlanner Data'!O59="","","JobPlanner Data'!O59) | Q58: =IF('JobPlanner Data'!P59="","","JobPlanner Data'!P59)
A59: =IF('JobPlanner Data'!A60="","",IF(ISBLANK('JobPlanner Data'!A60),"",'JobPlanner Data'!A60)) | B59: =IF('JobPlanner Data'!B60="","",LOWER('JobPlanner Data'!B60)) | C59: =IF('JobPlanner Data'!D60<>"","JobPlanner Data'!D60,IF('JobPlanner Data'!F60<>"","JobPlanner Data'!F60,"")) | D59: =IF('JobPlanner Data'!J60="","",LOWER('JobPlanner Data'!J60)) | E59: =IF('JobPlanner Data'!C60="","",IFERROR(VLOOKUP('JobPlanner Data'!C60,'Company Lookup'!A:B,2,FALSE),"[NOT FOUND]")) | F59: =IF('JobPlanner Data'!G60="","",VALUE(SUBSTITUTE(SUBSTITUTE('JobPlanner Data'!G60,"$",""),",",""))) | G59: ="amount" | H59: =IF('JobPlanner Data'!L60="","","JobPlanner Data'!L60) | I59: =IF('JobPlanner Data'!H60="","","JobPlanner Data'!H60) | J59: =IF('JobPlanner Data'!N60="","",IF(ISNUMBER('JobPlanner Data'!N60),TEXT('JobPlanner Data'!N60,"YYYY-MM-DD"),"")) | K59: =IF('JobPlanner Data'!Q60="","",IF(ISNUMBER('JobPlanner Data'!Q60),TEXT('JobPlanner Data'!Q60,"YYYY-MM-DD"),"")) | L59: =IF('JobPlanner Data'!I60<>"",IF(ISNUMBER('JobPlanner Data'!I60),TEXT('JobPlanner Data'!I60,"YYYY-MM-DD"),""),IF('JobPlanner Data'!T60<>"",IF(ISNUMBER('JobPlanner Data'!T60),TEXT('JobPlanner Data'!T60,"YYYY-MM-DD"),""),"")) | M59: =IF('JobPlanner Data'!S60="","",IF(ISNUMBER('JobPlanner Data'!S60),TEXT('JobPlanner Data'!S60,"YYYY-MM-DD"),"")) | N59: =IF('JobPlanner Data'!R60="","",IF(ISNUMBER('JobPlanner Data'!R60),TEXT('JobPlanner Data'!R60,"YYYY-MM-DD"),"")) | O59: =IF('JobPlanner Data'!U60="","",IF(ISNUMBER('JobPlanner Data'!U60),TEXT('JobPlanner Data'!U60,"YYYY-MM-DD"),"")) | P59: =IF('JobPlanner Data'!O60="","","JobPlanner Data'!O60) | Q59: =IF('JobPlanner Data'!P60="","","JobPlanner Data'!P60)
A60: =IF('JobPlanner Data'!A61="","",IF(ISBLANK('JobPlanner Data'!A61),"",'JobPlanner Data'!A61)) | B60: =IF('JobPlanner Data'!B61="","",LOWER('JobPlanner Data'!B61)) | C60: =IF('JobPlanner Data'!D61<>"","JobPlanner Data'!D61,IF('JobPlanner Data'!F61<>"","JobPlanner Data'!F61,"")) | D60: =IF('JobPlanner Data'!J61="","",LOWER('JobPlanner Data'!J61)) | E60: =IF('JobPlanner Data'!C61="","",IFERROR(VLOOKUP('JobPlanner Data'!C61,'Company Lookup'!A:B,2,FALSE),"[NOT FOUND]")) | F60: =IF('JobPlanner Data'!G61="","",VALUE(SUBSTITUTE(SUBSTITUTE('JobPlanner Data'!G61,"$",""),",",""))) | G60: ="amount" | H60: =IF('JobPlanner Data'!L61="","","JobPlanner Data'!L61) | I60: =IF('JobPlanner Data'!H61="","","JobPlanner Data'!H61) | J60: =IF('JobPlanner Data'!N61="","",IF(ISNUMBER('JobPlanner Data'!N61),TEXT('JobPlanner Data'!N61,"YYYY-MM-DD"),"")) | K60: =IF('JobPlanner Data'!Q61="","",IF(ISNUMBER('JobPlanner Data'!Q61),TEXT('JobPlanner Data'!Q61,"YYYY-MM-DD"),"")) | L60: =IF('JobPlanner Data'!I61<>"",IF(ISNUMBER('JobPlanner Data'!I61),TEXT('JobPlanner Data'!I61,"YYYY-MM-DD"),""),IF('JobPlanner Data'!T61<>"",IF(ISNUMBER('JobPlanner Data'!T61),TEXT('JobPlanner Data'!T61,"YYYY-MM-DD"),""),"")) | M60: =IF('JobPlanner Data'!S61="","",IF(ISNUMBER('JobPlanner Data'!S61),TEXT('JobPlanner Data'!S61,"YYYY-MM-DD"),"")) | N60: =IF('JobPlanner Data'!R61="","",IF(ISNUMBER('JobPlanner Data'!R61),TEXT('JobPlanner Data'!R61,"YYYY-MM-DD"),"")) | O60: =IF('JobPlanner Data'!U61="","",IF(ISNUMBER('JobPlanner Data'!U61),TEXT('JobPlanner Data'!U61,"YYYY-MM-DD"),"")) | P60: =IF('JobPlanner Data'!O61="","","JobPlanner Data'!O61) | Q60: =IF('JobPlanner Data'!P61="","","JobPlanner Data'!P61)
A61: =IF('JobPlanner Data'!A62="","",IF(ISBLANK('JobPlanner Data'!A62),"",'JobPlanner Data'!A62)) | B61: =IF('JobPlanner Data'!B62="","",LOWER('JobPlanner Data'!B62)) | C61: =IF('JobPlanner Data'!D62<>"","JobPlanner Data'!D62,IF('JobPlanner Data'!F62<>"","JobPlanner Data'!F62,"")) | D61: =IF('JobPlanner Data'!J62="","",LOWER('JobPlanner Data'!J62)) | E61: =IF('JobPlanner Data'!C62="","",IFERROR(VLOOKUP('JobPlanner Data'!C62,'Company Lookup'!A:B,2,FALSE),"[NOT FOUND]")) | F61: =IF('JobPlanner Data'!G62="","",VALUE(SUBSTITUTE(SUBSTITUTE('JobPlanner Data'!G62,"$",""),",",""))) | G61: ="amount" | H61: =IF('JobPlanner Data'!L62="","","JobPlanner Data'!L62) | I61: =IF('JobPlanner Data'!H62="","","JobPlanner Data'!H62) | J61: =IF('JobPlanner Data'!N62="","",IF(ISNUMBER('JobPlanner Data'!N62),TEXT('JobPlanner Data'!N62,"YYYY-MM-DD"),"")) | K61: =IF('JobPlanner Data'!Q62="","",IF(ISNUMBER('JobPlanner Data'!Q62),TEXT('JobPlanner Data'!Q62,"YYYY-MM-DD"),"")) | L61: =IF('JobPlanner Data'!I62<>"",IF(ISNUMBER('JobPlanner Data'!I62),TEXT('JobPlanner Data'!I62,"YYYY-MM-DD"),""),IF('JobPlanner Data'!T62<>"",IF(ISNUMBER('JobPlanner Data'!T62),TEXT('JobPlanner Data'!T62,"YYYY-MM-DD"),""),"")) | M61: =IF('JobPlanner Data'!S62="","",IF(ISNUMBER('JobPlanner Data'!S62),TEXT('JobPlanner Data'!S62,"YYYY-MM-DD"),"")) | N61: =IF('JobPlanner Data'!R62="","",IF(ISNUMBER('JobPlanner Data'!R62),TEXT('JobPlanner Data'!R62,"YYYY-MM-DD"),"")) | O61: =IF('JobPlanner Data'!U62="","",IF(ISNUMBER('JobPlanner Data'!U62),TEXT('JobPlanner Data'!U62,"YYYY-MM-DD"),"")) | P61: =IF('JobPlanner Data'!O62="","","JobPlanner Data'!O62) | Q61: =IF('JobPlanner Data'!P62="","","JobPlanner Data'!P62)
A62: =IF('JobPlanner Data'!A63="","",IF(ISBLANK('JobPlanner Data'!A63),"",'JobPlanner Data'!A63)) | B62: =IF('JobPlanner Data'!B63="","",LOWER('JobPlanner Data'!B63)) | C62: =IF('JobPlanner Data'!D63<>"","JobPlanner Data'!D63,IF('JobPlanner Data'!F63<>"","JobPlanner Data'!F63,"")) | D62: =IF('JobPlanner Data'!J63="","",LOWER('JobPlanner Data'!J63)) | E62: =IF('JobPlanner Data'!C63="","",IFERROR(VLOOKUP('JobPlanner Data'!C63,'Company Lookup'!A:B,2,FALSE),"[NOT FOUND]")) | F62: =IF('JobPlanner Data'!G63="","",VALUE(SUBSTITUTE(SUBSTITUTE('JobPlanner Data'!G63,"$",""),",",""))) | G62: ="amount" | H62: =IF('JobPlanner Data'!L63="","","JobPlanner Data'!L63) | I62: =IF('JobPlanner Data'!H63="","","JobPlanner Data'!H63) | J62: =IF('JobPlanner Data'!N63="","",IF(ISNUMBER('JobPlanner Data'!N63),TEXT('JobPlanner Data'!N63,"YYYY-MM-DD"),"")) | K62: =IF('JobPlanner Data'!Q63="","",IF(ISNUMBER('JobPlanner Data'!Q63),TEXT('JobPlanner Data'!Q63,"YYYY-MM-DD"),"")) | L62: =IF('JobPlanner Data'!I63<>"",IF(ISNUMBER('JobPlanner Data'!I63),TEXT('JobPlanner Data'!I63,"YYYY-MM-DD"),""),IF('JobPlanner Data'!T63<>"",IF(ISNUMBER('JobPlanner Data'!T63),TEXT('JobPlanner Data'!T63,"YYYY-MM-DD"),""),"")) | M62: =IF('JobPlanner Data'!S63="","",IF(ISNUMBER('JobPlanner Data'!S63),TEXT('JobPlanner Data'!S63,"YYYY-MM-DD"),"")) | N62: =IF('JobPlanner Data'!R63="","",IF(ISNUMBER('JobPlanner Data'!R63),TEXT('JobPlanner Data'!R63,"YYYY-MM-DD"),"")) | O62: =IF('JobPlanner Data'!U63="","",IF(ISNUMBER('JobPlanner Data'!U63),TEXT('JobPlanner Data'!U63,"YYYY-MM-DD"),"")) | P62: =IF('JobPlanner Data'!O63="","","JobPlanner Data'!O63) | Q62: =IF('JobPlanner Data'!P63="","","JobPlanner Data'!P63)
A63: =IF('JobPlanner Data'!A64="","",IF(ISBLANK('JobPlanner Data'!A64),"",'JobPlanner Data'!A64)) | B63: =IF('JobPlanner Data'!B64="","",LOWER('JobPlanner Data'!B64)) | C63: =IF('JobPlanner Data'!D64<>"","JobPlanner Data'!D64,IF('JobPlanner Data'!F64<>"","JobPlanner Data'!F64,"")) | D63: =IF('JobPlanner Data'!J64="","",LOWER('JobPlanner Data'!J64)) | E63: =IF('JobPlanner Data'!C64="","",IFERROR(VLOOKUP('JobPlanner Data'!C64,'Company Lookup'!A:B,2,FALSE),"[NOT FOUND]")) | F63: =IF('JobPlanner Data'!G64="","",VALUE(SUBSTITUTE(SUBSTITUTE('JobPlanner Data'!G64,"$",""),",",""))) | G63: ="amount" | H63: =IF('JobPlanner Data'!L64="","","JobPlanner Data'!L64) | I63: =IF('JobPlanner Data'!H64="","","JobPlanner Data'!H64) | J63: =IF('JobPlanner Data'!N64="","",IF(ISNUMBER('JobPlanner Data'!N64),TEXT('JobPlanner Data'!N64,"YYYY-MM-DD"),"")) | K63: =IF('JobPlanner Data'!Q64="","",IF(ISNUMBER('JobPlanner Data'!Q64),TEXT('JobPlanner Data'!Q64,"YYYY-MM-DD"),"")) | L63: =IF('JobPlanner Data'!I64<>"",IF(ISNUMBER('JobPlanner Data'!I64),TEXT('JobPlanner Data'!I64,"YYYY-MM-DD"),""),IF('JobPlanner Data'!T64<>"",IF(ISNUMBER('JobPlanner Data'!T64),TEXT('JobPlanner Data'!T64,"YYYY-MM-DD"),""),"")) | M63: =IF('JobPlanner Data'!S64="","",IF(ISNUMBER('JobPlanner Data'!S64),TEXT('JobPlanner Data'!S64,"YYYY-MM-DD"),"")) | N63: =IF('JobPlanner Data'!R64="","",IF(ISNUMBER('JobPlanner Data'!R64),TEXT('JobPlanner Data'!R64,"YYYY-MM-DD"),"")) | O63: =IF('JobPlanner Data'!U64="","",IF(ISNUMBER('JobPlanner Data'!U64),TEXT('JobPlanner Data'!U64,"YYYY-MM-DD"),"")) | P63: =IF('JobPlanner Data'!O64="","","JobPlanner Data'!O64) | Q63: =IF('JobPlanner Data'!P64="","","JobPlanner Data'!P64)
A64: =IF('JobPlanner Data'!A65="","",IF(ISBLANK('JobPlanner Data'!A65),"",'JobPlanner Data'!A65)) | B64: =IF('JobPlanner Data'!B65="","",LOWER('JobPlanner Data'!B65)) | C64: =IF('JobPlanner Data'!D65<>"","JobPlanner Data'!D65,IF('JobPlanner Data'!F65<>"","JobPlanner Data'!F65,"")) | D64: =IF('JobPlanner Data'!J65="","",LOWER('JobPlanner Data'!J65)) | E64: =IF('JobPlanner Data'!C65="","",IFERROR(VLOOKUP('JobPlanner Data'!C65,'Company Lookup'!A:B,2,FALSE),"[NOT FOUND]")) | F64: =IF('JobPlanner Data'!G65="","",VALUE(SUBSTITUTE(SUBSTITUTE('JobPlanner Data'!G65,"$",""),",",""))) | G64: ="amount" | H64: =IF('JobPlanner Data'!L65="","","JobPlanner Data'!L65) | I64: =IF('JobPlanner Data'!H65="","","JobPlanner Data'!H65) | J64: =IF('JobPlanner Data'!N65="","",IF(ISNUMBER('JobPlanner Data'!N65),TEXT('JobPlanner Data'!N65,"YYYY-MM-DD"),"")) | K64: =IF('JobPlanner Data'!Q65="","",IF(ISNUMBER('JobPlanner Data'!Q65),TEXT('JobPlanner Data'!Q65,"YYYY-MM-DD"),"")) | L64: =IF('JobPlanner Data'!I65<>"",IF(ISNUMBER('JobPlanner Data'!I65),TEXT('JobPlanner Data'!I65,"YYYY-MM-DD"),""),IF('JobPlanner Data'!T65<>"",IF(ISNUMBER('JobPlanner Data'!T65),TEXT('JobPlanner Data'!T65,"YYYY-MM-DD"),""),"")) | M64: =IF('JobPlanner Data'!S65="","",IF(ISNUMBER('JobPlanner Data'!S65),TEXT('JobPlanner Data'!S65,"YYYY-MM-DD"),"")) | N64: =IF('JobPlanner Data'!R65="","",IF(ISNUMBER('JobPlanner Data'!R65),TEXT('JobPlanner Data'!R65,"YYYY-MM-DD"),"")) | O64: =IF('JobPlanner Data'!U65="","",IF(ISNUMBER('JobPlanner Data'!U65),TEXT('JobPlanner Data'!U65,"YYYY-MM-DD"),"")) | P64: =IF('JobPlanner Data'!O65="","","JobPlanner Data'!O65) | Q64: =IF('JobPlanner Data'!P65="","","JobPlanner Data'!P65)
A65: =IF('JobPlanner Data'!A66="","",IF(ISBLANK('JobPlanner Data'!A66),"",'JobPlanner Data'!A66)) | B65: =IF('JobPlanner Data'!B66="","",LOWER('JobPlanner Data'!B66)) | C65: =IF('JobPlanner Data'!D66<>"","JobPlanner Data'!D66,IF('JobPlanner Data'!F66<>"","JobPlanner Data'!F66,"")) | D65: =IF('JobPlanner Data'!J66="","",LOWER('JobPlanner Data'!J66)) | E65: =IF('JobPlanner Data'!C66="","",IFERROR(VLOOKUP('JobPlanner Data'!C66,'Company Lookup'!A:B,2,FALSE),"[NOT FOUND]")) | F65: =IF('JobPlanner Data'!G66="","",VALUE(SUBSTITUTE(SUBSTITUTE('JobPlanner Data'!G66,"$",""),",",""))) | G65: ="amount" | H65: =IF('JobPlanner Data'!L66="","","JobPlanner Data'!L66) | I65: =IF('JobPlanner Data'!H66="","","JobPlanner Data'!H66) | J65: =IF('JobPlanner Data'!N66="","",IF(ISNUMBER('JobPlanner Data'!N66),TEXT('JobPlanner Data'!N66,"YYYY-MM-DD"),"")) | K65: =IF('JobPlanner Data'!Q66="","",IF(ISNUMBER('JobPlanner Data'!Q66),TEXT('JobPlanner Data'!Q66,"YYYY-MM-DD"),"")) | L65: =IF('JobPlanner Data'!I66<>"",IF(ISNUMBER('JobPlanner Data'!I66),TEXT('JobPlanner Data'!I66,"YYYY-MM-DD"),""),IF('JobPlanner Data'!T66<>"",IF(ISNUMBER('JobPlanner Data'!T66),TEXT('JobPlanner Data'!T66,"YYYY-MM-DD"),""),"")) | M65: =IF('JobPlanner Data'!S66="","",IF(ISNUMBER('JobPlanner Data'!S66),TEXT('JobPlanner Data'!S66,"YYYY-MM-DD"),"")) | N65: =IF('JobPlanner Data'!R66="","",IF(ISNUMBER('JobPlanner Data'!R66),TEXT('JobPlanner Data'!R66,"YYYY-MM-DD"),"")) | O65: =IF('JobPlanner Data'!U66="","",IF(ISNUMBER('JobPlanner Data'!U66),TEXT('JobPlanner Data'!U66,"YYYY-MM-DD"),"")) | P65: =IF('JobPlanner Data'!O66="","","JobPlanner Data'!O66) | Q65: =IF('JobPlanner Data'!P66="","","JobPlanner Data'!P66)
A66: =IF('JobPlanner Data'!A67="","",IF(ISBLANK('JobPlanner Data'!A67),"",'JobPlanner Data'!A67)) | B66: =IF('JobPlanner Data'!B67="","",LOWER('JobPlanner Data'!B67)) | C66: =IF('JobPlanner Data'!D67<>"","JobPlanner Data'!D67,IF('JobPlanner Data'!F67<>"","JobPlanner Data'!F67,"")) | D66: =IF('JobPlanner Data'!J67="","",LOWER('JobPlanner Data'!J67)) | E66: =IF('JobPlanner Data'!C67="","",IFERROR(VLOOKUP('JobPlanner Data'!C67,'Company Lookup'!A:B,2,FALSE),"[NOT FOUND]")) | F66: =IF('JobPlanner Data'!G67="","",VALUE(SUBSTITUTE(SUBSTITUTE('JobPlanner Data'!G67,"$",""),",",""))) | G66: ="amount" | H66: =IF('JobPlanner Data'!L67="","","JobPlanner Data'!L67) | I66: =IF('JobPlanner Data'!H67="","","JobPlanner Data'!H67) | J66: =IF('JobPlanner Data'!N67="","",IF(ISNUMBER('JobPlanner Data'!N67),TEXT('JobPlanner Data'!N67,"YYYY-MM-DD"),"")) | K66: =IF('JobPlanner Data'!Q67="","",IF(ISNUMBER('JobPlanner Data'!Q67),TEXT('JobPlanner Data'!Q67,"YYYY-MM-DD"),"")) | L66: =IF('JobPlanner Data'!I67<>"",IF(ISNUMBER('JobPlanner Data'!I67),TEXT('JobPlanner Data'!I67,"YYYY-MM-DD"),""),IF('JobPlanner Data'!T67<>"",IF(ISNUMBER('JobPlanner Data'!T67),TEXT('JobPlanner Data'!T67,"YYYY-MM-DD"),""),"")) | M66: =IF('JobPlanner Data'!S67="","",IF(ISNUMBER('JobPlanner Data'!S67),TEXT('JobPlanner Data'!S67,"YYYY-MM-DD"),"")) | N66: =IF('JobPlanner Data'!R67="","",IF(ISNUMBER('JobPlanner Data'!R67),TEXT('JobPlanner Data'!R67,"YYYY-MM-DD"),"")) | O66: =IF('JobPlanner Data'!U67="","",IF(ISNUMBER('JobPlanner Data'!U67),TEXT('JobPlanner Data'!U67,"YYYY-MM-DD"),"")) | P66: =IF('JobPlanner Data'!O67="","","JobPlanner Data'!O67) | Q66: =IF('JobPlanner Data'!P67="","","JobPlanner Data'!P67)
A67: =IF('JobPlanner Data'!A68="","",IF(ISBLANK('JobPlanner Data'!A68),"",'JobPlanner Data'!A68)) | B67: =IF('JobPlanner Data'!B68="","",LOWER('JobPlanner Data'!B68)) | C67: =IF('JobPlanner Data'!D68<>"","JobPlanner Data'!D68,IF('JobPlanner Data'!F68<>"","JobPlanner Data'!F68,"")) | D67: =IF('JobPlanner Data'!J68="","",LOWER('JobPlanner Data'!J68)) | E67: =IF('JobPlanner Data'!C68="","",IFERROR(VLOOKUP('JobPlanner Data'!C68,'Company Lookup'!A:B,2,FALSE),"[NOT FOUND]")) | F67: =IF('JobPlanner Data'!G68="","",VALUE(SUBSTITUTE(SUBSTITUTE('JobPlanner Data'!G68,"$",""),",",""))) | G67: ="amount" | H67: =IF('JobPlanner Data'!L68="","","JobPlanner Data'!L68) | I67: =IF('JobPlanner Data'!H68="","","JobPlanner Data'!H68) | J67: =IF('JobPlanner Data'!N68="","",IF(ISNUMBER('JobPlanner Data'!N68),TEXT('JobPlanner Data'!N68,"YYYY-MM-DD"),"")) | K67: =IF('JobPlanner Data'!Q68="","",IF(ISNUMBER('JobPlanner Data'!Q68),TEXT('JobPlanner Data'!Q68,"YYYY-MM-DD"),"")) | L67: =IF('JobPlanner Data'!I68<>"",IF(ISNUMBER('JobPlanner Data'!I68),TEXT('JobPlanner Data'!I68,"YYYY-MM-DD"),""),IF('JobPlanner Data'!T68<>"",IF(ISNUMBER('JobPlanner Data'!T68),TEXT('JobPlanner Data'!T68,"YYYY-MM-DD"),""),"")) | M67: =IF('JobPlanner Data'!S68="","",IF(ISNUMBER('JobPlanner Data'!S68),TEXT('JobPlanner Data'!S68,"YYYY-MM-DD"),"")) | N67: =IF('JobPlanner Data'!R68="","",IF(ISNUMBER('JobPlanner Data'!R68),TEXT('JobPlanner Data'!R68,"YYYY-MM-DD"),"")) | O67: =IF('JobPlanner Data'!U68="","",IF(ISNUMBER('JobPlanner Data'!U68),TEXT('JobPlanner Data'!U68,"YYYY-MM-DD"),"")) | P67: =IF('JobPlanner Data'!O68="","","JobPlanner Data'!O68) | Q67: =IF('JobPlanner Data'!P68="","","JobPlanner Data'!P68)
A68: =IF('JobPlanner Data'!A69="","",IF(ISBLANK('JobPlanner Data'!A69),"",'JobPlanner Data'!A69)) | B68: =IF('JobPlanner Data'!B69="","",LOWER('JobPlanner Data'!B69)) | C68: =IF('JobPlanner Data'!D69<>"","JobPlanner Data'!D69,IF('JobPlanner Data'!F69<>"","JobPlanner Data'!F69,"")) | D68: =IF('JobPlanner Data'!J69="","",LOWER('JobPlanner Data'!J69)) | E68: =IF('JobPlanner Data'!C69="","",IFERROR(VLOOKUP('JobPlanner Data'!C69,'Company Lookup'!A:B,2,FALSE),"[NOT FOUND]")) | F68: =IF('JobPlanner Data'!G69="","",VALUE(SUBSTITUTE(SUBSTITUTE('JobPlanner Data'!G69,"$",""),",",""))) | G68: ="amount" | H68: =IF('JobPlanner Data'!L69="","","JobPlanner Data'!L69) | I68: =IF('JobPlanner Data'!H69="","","JobPlanner Data'!H69) | J68: =IF('JobPlanner Data'!N69="","",IF(ISNUMBER('JobPlanner Data'!N69),TEXT('JobPlanner Data'!N69,"YYYY-MM-DD"),"")) | K68: =IF('JobPlanner Data'!Q69="","",IF(ISNUMBER('JobPlanner Data'!Q69),TEXT('JobPlanner Data'!Q69,"YYYY-MM-DD"),"")) | L68: =IF('JobPlanner Data'!I69<>"",IF(ISNUMBER('JobPlanner Data'!I69),TEXT('JobPlanner Data'!I69,"YYYY-MM-DD"),""),IF('JobPlanner Data'!T69<>"",IF(ISNUMBER('JobPlanner Data'!T69),TEXT('JobPlanner Data'!T69,"YYYY-MM-DD"),""),"")) | M68: =IF('JobPlanner Data'!S69="","",IF(ISNUMBER('JobPlanner Data'!S69),TEXT('JobPlanner Data'!S69,"YYYY-MM-DD"),"")) | N68: =IF('JobPlanner Data'!R69="","",IF(ISNUMBER('JobPlanner Data'!R69),TEXT('JobPlanner Data'!R69,"YYYY-MM-DD"),"")) | O68: =IF('JobPlanner Data'!U69="","",IF(ISNUMBER('JobPlanner Data'!U69),TEXT('JobPlanner Data'!U69,"YYYY-MM-DD"),"")) | P68: =IF('JobPlanner Data'!O69="","","JobPlanner Data'!O69) | Q68: =IF('JobPlanner Data'!P69="","","JobPlanner Data'!P69)
A69: =IF('JobPlanner Data'!A70="","",IF(ISBLANK('JobPlanner Data'!A70),"",'JobPlanner Data'!A70)) | B69: =IF('JobPlanner Data'!B70="","",LOWER('JobPlanner Data'!B70)) | C69: =IF('JobPlanner Data'!D70<>"","JobPlanner Data'!D70,IF('JobPlanner Data'!F70<>"","JobPlanner Data'!F70,"")) | D69: =IF('JobPlanner Data'!J70="","",LOWER('JobPlanner Data'!J70)) | E69: =IF('JobPlanner Data'!C70="","",IFERROR(VLOOKUP('JobPlanner Data'!C70,'Company Lookup'!A:B,2,FALSE),"[NOT FOUND]")) | F69: =IF('JobPlanner Data'!G70="","",VALUE(SUBSTITUTE(SUBSTITUTE('JobPlanner Data'!G70,"$",""),",",""))) | G69: ="amount" | H69: =IF('JobPlanner Data'!L70="","","JobPlanner Data'!L70) | I69: =IF('JobPlanner Data'!H70="","","JobPlanner Data'!H70) | J69: =IF('JobPlanner Data'!N70="","",IF(ISNUMBER('JobPlanner Data'!N70),TEXT('JobPlanner Data'!N70,"YYYY-MM-DD"),"")) | K69: =IF('JobPlanner Data'!Q70="","",IF(ISNUMBER('JobPlanner Data'!Q70),TEXT('JobPlanner Data'!Q70,"YYYY-MM-DD"),"")) | L69: =IF('JobPlanner Data'!I70<>"",IF(ISNUMBER('JobPlanner Data'!I70),TEXT('JobPlanner Data'!I70,"YYYY-MM-DD"),""),IF('JobPlanner Data'!T70<>"",IF(ISNUMBER('JobPlanner Data'!T70),TEXT('JobPlanner Data'!T70,"YYYY-MM-DD"),""),"")) | M69: =IF('JobPlanner Data'!S70="","",IF(ISNUMBER('JobPlanner Data'!S70),TEXT('JobPlanner Data'!S70,"YYYY-MM-DD"),"")) | N69: =IF('JobPlanner Data'!R70="","",IF(ISNUMBER('JobPlanner Data'!R70),TEXT('JobPlanner Data'!R70,"YYYY-MM-DD"),"")) | O69: =IF('JobPlanner Data'!U70="","",IF(ISNUMBER('JobPlanner Data'!U70),TEXT('JobPlanner Data'!U70,"YYYY-MM-DD"),"")) | P69: =IF('JobPlanner Data'!O70="","","JobPlanner Data'!O70) | Q69: =IF('JobPlanner Data'!P70="","","JobPlanner Data'!P70)
A70: =IF('JobPlanner Data'!A71="","",IF(ISBLANK('JobPlanner Data'!A71),"",'JobPlanner Data'!A71)) | B70: =IF('JobPlanner Data'!B71="","",LOWER('JobPlanner Data'!B71)) | C70: =IF('JobPlanner Data'!D71<>"","JobPlanner Data'!D71,IF('JobPlanner Data'!F71<>"","JobPlanner Data'!F71,"")) | D70: =IF('JobPlanner Data'!J71="","",LOWER('JobPlanner Data'!J71)) | E70: =IF('JobPlanner Data'!C71="","",IFERROR(VLOOKUP('JobPlanner Data'!C71,'Company Lookup'!A:B,2,FALSE),"[NOT FOUND]")) | F70: =IF('JobPlanner Data'!G71="","",VALUE(SUBSTITUTE(SUBSTITUTE('JobPlanner Data'!G71,"$",""),",",""))) | G70: ="amount" | H70: =IF('JobPlanner Data'!L71="","","JobPlanner Data'!L71) | I70: =IF('JobPlanner Data'!H71="","","JobPlanner Data'!H71) | J70: =IF('JobPlanner Data'!N71="","",IF(ISNUMBER('JobPlanner Data'!N71),TEXT('JobPlanner Data'!N71,"YYYY-MM-DD"),"")) | K70: =IF('JobPlanner Data'!Q71="","",IF(ISNUMBER('JobPlanner Data'!Q71),TEXT('JobPlanner Data'!Q71,"YYYY-MM-DD"),"")) | L70: =IF('JobPlanner Data'!I71<>"",IF(ISNUMBER('JobPlanner Data'!I71),TEXT('JobPlanner Data'!I71,"YYYY-MM-DD"),""),IF('JobPlanner Data'!T71<>"",IF(ISNUMBER('JobPlanner Data'!T71),TEXT('JobPlanner Data'!T71,"YYYY-MM-DD"),""),"")) | M70: =IF('JobPlanner Data'!S71="","",IF(ISNUMBER('JobPlanner Data'!S71),TEXT('JobPlanner Data'!S71,"YYYY-MM-DD"),"")) | N70: =IF('JobPlanner Data'!R71="","",IF(ISNUMBER('JobPlanner Data'!R71),TEXT('JobPlanner Data'!R71,"YYYY-MM-DD"),"")) | O70: =IF('JobPlanner Data'!U71="","",IF(ISNUMBER('JobPlanner Data'!U71),TEXT('JobPlanner Data'!U71,"YYYY-MM-DD"),"")) | P70: =IF('JobPlanner Data'!O71="","","JobPlanner Data'!O71) | Q70: =IF('JobPlanner Data'!P71="","","JobPlanner Data'!P71)
A71: =IF('JobPlanner Data'!A72="","",IF(ISBLANK('JobPlanner Data'!A72),"",'JobPlanner Data'!A72)) | B71: =IF('JobPlanner Data'!B72="","",LOWER('JobPlanner Data'!B72)) | C71: =IF('JobPlanner Data'!D72<>"","JobPlanner Data'!D72,IF('JobPlanner Data'!F72<>"","JobPlanner Data'!F72,"")) | D71: =IF('JobPlanner Data'!J72="","",LOWER('JobPlanner Data'!J72)) | E71: =IF('JobPlanner Data'!C72="","",IFERROR(VLOOKUP('JobPlanner Data'!C72,'Company Lookup'!A:B,2,FALSE),"[NOT FOUND]")) | F71: =IF('JobPlanner Data'!G72="","",VALUE(SUBSTITUTE(SUBSTITUTE('JobPlanner Data'!G72,"$",""),",",""))) | G71: ="amount" | H71: =IF('JobPlanner Data'!L72="","","JobPlanner Data'!L72) | I71: =IF('JobPlanner Data'!H72="","","JobPlanner Data'!H72) | J71: =IF('JobPlanner Data'!N72="","",IF(ISNUMBER('JobPlanner Data'!N72),TEXT('JobPlanner Data'!N72,"YYYY-MM-DD"),"")) | K71: =IF('JobPlanner Data'!Q72="","",IF(ISNUMBER('JobPlanner Data'!Q72),TEXT('JobPlanner Data'!Q72,"YYYY-MM-DD"),"")) | L71: =IF('JobPlanner Data'!I72<>"",IF(ISNUMBER('JobPlanner Data'!I72),TEXT('JobPlanner Data'!I72,"YYYY-MM-DD"),""),IF('JobPlanner Data'!T72<>"",IF(ISNUMBER('JobPlanner Data'!T72),TEXT('JobPlanner Data'!T72,"YYYY-MM-DD"),""),"")) | M71: =IF('JobPlanner Data'!S72="","",IF(ISNUMBER('JobPlanner Data'!S72),TEXT('JobPlanner Data'!S72,"YYYY-MM-DD"),"")) | N71: =IF('JobPlanner Data'!R72="","",IF(ISNUMBER('JobPlanner Data'!R72),TEXT('JobPlanner Data'!R72,"YYYY-MM-DD"),"")) | O71: =IF('JobPlanner Data'!U72="","",IF(ISNUMBER('JobPlanner Data'!U72),TEXT('JobPlanner Data'!U72,"YYYY-MM-DD"),"")) | P71: =IF('JobPlanner Data'!O72="","","JobPlanner Data'!O72) | Q71: =IF('JobPlanner Data'!P72="","","JobPlanner Data'!P72)
A72: =IF('JobPlanner Data'!A73="","",IF(ISBLANK('JobPlanner Data'!A73),"",'JobPlanner Data'!A73)) | B72: =IF('JobPlanner Data'!B73="","",LOWER('JobPlanner Data'!B73)) | C72: =IF('JobPlanner Data'!D73<>"","JobPlanner Data'!D73,IF('JobPlanner Data'!F73<>"","JobPlanner Data'!F73,"")) | D72: =IF('JobPlanner Data'!J73="","",LOWER('JobPlanner Data'!J73)) | E72: =IF('JobPlanner Data'!C73="","",IFERROR(VLOOKUP('JobPlanner Data'!C73,'Company Lookup'!A:B,2,FALSE),"[NOT FOUND]")) | F72: =IF('JobPlanner Data'!G73="","",VALUE(SUBSTITUTE(SUBSTITUTE('JobPlanner Data'!G73,"$",""),",",""))) | G72: ="amount" | H72: =IF('JobPlanner Data'!L73="","","JobPlanner Data'!L73) | I72: =IF('JobPlanner Data'!H73="","","JobPlanner Data'!H73) | J72: =IF('JobPlanner Data'!N73="","",IF(ISNUMBER('JobPlanner Data'!N73),TEXT('JobPlanner Data'!N73,"YYYY-MM-DD"),"")) | K72: =IF('JobPlanner Data'!Q73="","",IF(ISNUMBER('JobPlanner Data'!Q73),TEXT('JobPlanner Data'!Q73,"YYYY-MM-DD"),"")) | L72: =IF('JobPlanner Data'!I73<>"",IF(ISNUMBER('JobPlanner Data'!I73),TEXT('JobPlanner Data'!I73,"YYYY-MM-DD"),""),IF('JobPlanner Data'!T73<>"",IF(ISNUMBER('JobPlanner Data'!T73),TEXT('JobPlanner Data'!T73,"YYYY-MM-DD"),""),"")) | M72: =IF('JobPlanner Data'!S73="","",IF(ISNUMBER('JobPlanner Data'!S73),TEXT('JobPlanner Data'!S73,"YYYY-MM-DD"),"")) | N72: =IF('JobPlanner Data'!R73="","",IF(ISNUMBER('JobPlanner Data'!R73),TEXT('JobPlanner Data'!R73,"YYYY-MM-DD"),"")) | O72: =IF('JobPlanner Data'!U73="","",IF(ISNUMBER('JobPlanner Data'!U73),TEXT('JobPlanner Data'!U73,"YYYY-MM-DD"),"")) | P72: =IF('JobPlanner Data'!O73="","","JobPlanner Data'!O73) | Q72: =IF('JobPlanner Data'!P73="","","JobPlanner Data'!P73)
A73: =IF('JobPlanner Data'!A74="","",IF(ISBLANK('JobPlanner Data'!A74),"",'JobPlanner Data'!A74)) | B73: =IF('JobPlanner Data'!B74="","",LOWER('JobPlanner Data'!B74)) | C73: =IF('JobPlanner Data'!D74<>"","JobPlanner Data'!D74,IF('JobPlanner Data'!F74<>"","JobPlanner Data'!F74,"")) | D73: =IF('JobPlanner Data'!J74="","",LOWER('JobPlanner Data'!J74)) | E73: =IF('JobPlanner Data'!C74="","",IFERROR(VLOOKUP('JobPlanner Data'!C74,'Company Lookup'!A:B,2,FALSE),"[NOT FOUND]")) | F73: =IF('JobPlanner Data'!G74="","",VALUE(SUBSTITUTE(SUBSTITUTE('JobPlanner Data'!G74,"$",""),",",""))) | G73: ="amount" | H73: =IF('JobPlanner Data'!L74="","","JobPlanner Data'!L74) | I73: =IF('JobPlanner Data'!H74="","","JobPlanner Data'!H74) | J73: =IF('JobPlanner Data'!N74="","",IF(ISNUMBER('JobPlanner Data'!N74),TEXT('JobPlanner Data'!N74,"YYYY-MM-DD"),"")) | K73: =IF('JobPlanner Data'!Q74="","",IF(ISNUMBER('JobPlanner Data'!Q74),TEXT('JobPlanner Data'!Q74,"YYYY-MM-DD"),"")) | L73: =IF('JobPlanner Data'!I74<>"",IF(ISNUMBER('JobPlanner Data'!I74),TEXT('JobPlanner Data'!I74,"YYYY-MM-DD"),""),IF('JobPlanner Data'!T74<>"",IF(ISNUMBER('JobPlanner Data'!T74),TEXT('JobPlanner Data'!T74,"YYYY-MM-DD"),""),"")) | M73: =IF('JobPlanner Data'!S74="","",IF(ISNUMBER('JobPlanner Data'!S74),TEXT('JobPlanner Data'!S74,"YYYY-MM-DD"),"")) | N73: =IF('JobPlanner Data'!R74="","",IF(ISNUMBER('JobPlanner Data'!R74),TEXT('JobPlanner Data'!R74,"YYYY-MM-DD"),"")) | O73: =IF('JobPlanner Data'!U74="","",IF(ISNUMBER('JobPlanner Data'!U74),TEXT('JobPlanner Data'!U74,"YYYY-MM-DD"),"")) | P73: =IF('JobPlanner Data'!O74="","","JobPlanner Data'!O74) | Q73: =IF('JobPlanner Data'!P74="","","JobPlanner Data'!P74)
A74: =IF('JobPlanner Data'!A75="","",IF(ISBLANK('JobPlanner Data'!A75),"",'JobPlanner Data'!A75)) | B74: =IF('JobPlanner Data'!B75="","",LOWER('JobPlanner Data'!B75)) | C74: =IF('JobPlanner Data'!D75<>"","JobPlanner Data'!D75,IF('JobPlanner Data'!F75<>"","JobPlanner Data'!F75,"")) | D74: =IF('JobPlanner Data'!J75="","",LOWER('JobPlanner Data'!J75)) | E74: =IF('JobPlanner Data'!C75="","",IFERROR(VLOOKUP('JobPlanner Data'!C75,'Company Lookup'!A:B,2,FALSE),"[NOT FOUND]")) | F74: =IF('JobPlanner Data'!G75="","",VALUE(SUBSTITUTE(SUBSTITUTE('JobPlanner Data'!G75,"$",""),",",""))) | G74: ="amount" | H74: =IF('JobPlanner Data'!L75="","","JobPlanner Data'!L75) | I74: =IF('JobPlanner Data'!H75="","","JobPlanner Data'!H75) | J74: =IF('JobPlanner Data'!N75="","",IF(ISNUMBER('JobPlanner Data'!N75),TEXT('JobPlanner Data'!N75,"YYYY-MM-DD"),"")) | K74: =IF('JobPlanner Data'!Q75="","",IF(ISNUMBER('JobPlanner Data'!Q75),TEXT('JobPlanner Data'!Q75,"YYYY-MM-DD"),"")) | L74: =IF('JobPlanner Data'!I75<>"",IF(ISNUMBER('JobPlanner Data'!I75),TEXT('JobPlanner Data'!I75,"YYYY-MM-DD"),""),IF('JobPlanner Data'!T75<>"",IF(ISNUMBER('JobPlanner Data'!T75),TEXT('JobPlanner Data'!T75,"YYYY-MM-DD"),""),"")) | M74: =IF('JobPlanner Data'!S75="","",IF(ISNUMBER('JobPlanner Data'!S75),TEXT('JobPlanner Data'!S75,"YYYY-MM-DD"),"")) | N74: =IF('JobPlanner Data'!R75="","",IF(ISNUMBER('JobPlanner Data'!R75),TEXT('JobPlanner Data'!R75,"YYYY-MM-DD"),"")) | O74: =IF('JobPlanner Data'!U75="","",IF(ISNUMBER('JobPlanner Data'!U75),TEXT('JobPlanner Data'!U75,"YYYY-MM-DD"),"")) | P74: =IF('JobPlanner Data'!O75="","","JobPlanner Data'!O75) | Q74: =IF('JobPlanner Data'!P75="","","JobPlanner Data'!P75)
A75: =IF('JobPlanner Data'!A76="","",IF(ISBLANK('JobPlanner Data'!A76),"",'JobPlanner Data'!A76)) | B75: =IF('JobPlanner Data'!B76="","",LOWER('JobPlanner Data'!B76)) | C75: =IF('JobPlanner Data'!D76<>"","JobPlanner Data'!D76,IF('JobPlanner Data'!F76<>"","JobPlanner Data'!F76,"")) | D75: =IF('JobPlanner Data'!J76="","",LOWER('JobPlanner Data'!J76)) | E75: =IF('JobPlanner Data'!C76="","",IFERROR(VLOOKUP('JobPlanner Data'!C76,'Company Lookup'!A:B,2,FALSE),"[NOT FOUND]")) | F75: =IF('JobPlanner Data'!G76="","",VALUE(SUBSTITUTE(SUBSTITUTE('JobPlanner Data'!G76,"$",""),",",""))) | G75: ="amount" | H75: =IF('JobPlanner Data'!L76="","","JobPlanner Data'!L76) | I75: =IF('JobPlanner Data'!H76="","","JobPlanner Data'!H76) | J75: =IF('JobPlanner Data'!N76="","",IF(ISNUMBER('JobPlanner Data'!N76),TEXT('JobPlanner Data'!N76,"YYYY-MM-DD"),"")) | K75: =IF('JobPlanner Data'!Q76="","",IF(ISNUMBER('JobPlanner Data'!Q76),TEXT('JobPlanner Data'!Q76,"YYYY-MM-DD"),"")) | L75: =IF('JobPlanner Data'!I76<>"",IF(ISNUMBER('JobPlanner Data'!I76),TEXT('JobPlanner Data'!I76,"YYYY-MM-DD"),""),IF('JobPlanner Data'!T76<>"",IF(ISNUMBER('JobPlanner Data'!T76),TEXT('JobPlanner Data'!T76,"YYYY-MM-DD"),""),"")) | M75: =IF('JobPlanner Data'!S76="","",IF(ISNUMBER('JobPlanner Data'!S76),TEXT('JobPlanner Data'!S76,"YYYY-MM-DD"),"")) | N75: =IF('JobPlanner Data'!R76="","",IF(ISNUMBER('JobPlanner Data'!R76),TEXT('JobPlanner Data'!R76,"YYYY-MM-DD"),"")) | O75: =IF('JobPlanner Data'!U76="","",IF(ISNUMBER('JobPlanner Data'!U76),TEXT('JobPlanner Data'!U76,"YYYY-MM-DD"),"")) | P75: =IF('JobPlanner Data'!O76="","","JobPlanner Data'!O76) | Q75: =IF('JobPlanner Data'!P76="","","JobPlanner Data'!P76)
A76: =IF('JobPlanner Data'!A77="","",IF(ISBLANK('JobPlanner Data'!A77),"",'JobPlanner Data'!A77)) | B76: =IF('JobPlanner Data'!B77="","",LOWER('JobPlanner Data'!B77)) | C76: =IF('JobPlanner Data'!D77<>"","JobPlanner Data'!D77,IF('JobPlanner Data'!F77<>"","JobPlanner Data'!F77,"")) | D76: =IF('JobPlanner Data'!J77="","",LOWER('JobPlanner Data'!J77)) | E76: =IF('JobPlanner Data'!C77="","",IFERROR(VLOOKUP('JobPlanner Data'!C77,'Company Lookup'!A:B,2,FALSE),"[NOT FOUND]")) | F76: =IF('JobPlanner Data'!G77="","",VALUE(SUBSTITUTE(SUBSTITUTE('JobPlanner Data'!G77,"$",""),",",""))) | G76: ="amount" | H76: =IF('JobPlanner Data'!L77="","","JobPlanner Data'!L77) | I76: =IF('JobPlanner Data'!H77="","","JobPlanner Data'!H77) | J76: =IF('JobPlanner Data'!N77="","",IF(ISNUMBER('JobPlanner Data'!N77),TEXT('JobPlanner Data'!N77,"YYYY-MM-DD"),"")) | K76: =IF('JobPlanner Data'!Q77="","",IF(ISNUMBER('JobPlanner Data'!Q77),TEXT('JobPlanner Data'!Q77,"YYYY-MM-DD"),"")) | L76: =IF('JobPlanner Data'!I77<>"",IF(ISNUMBER('JobPlanner Data'!I77),TEXT('JobPlanner Data'!I77,"YYYY-MM-DD"),""),IF('JobPlanner Data'!T77<>"",IF(ISNUMBER('JobPlanner Data'!T77),TEXT('JobPlanner Data'!T77,"YYYY-MM-DD"),""),"")) | M76: =IF('JobPlanner Data'!S77="","",IF(ISNUMBER('JobPlanner Data'!S77),TEXT('JobPlanner Data'!S77,"YYYY-MM-DD"),"")) | N76: =IF('JobPlanner Data'!R77="","",IF(ISNUMBER('JobPlanner Data'!R77),TEXT('JobPlanner Data'!R77,"YYYY-MM-DD"),"")) | O76: =IF('JobPlanner Data'!U77="","",IF(ISNUMBER('JobPlanner Data'!U77),TEXT('JobPlanner Data'!U77,"YYYY-MM-DD"),"")) | P76: =IF('JobPlanner Data'!O77="","","JobPlanner Data'!O77) | Q76: =IF('JobPlanner Data'!P77="","","JobPlanner Data'!P77)
A77: =IF('JobPlanner Data'!A78="","",IF(ISBLANK('JobPlanner Data'!A78),"",'JobPlanner Data'!A78)) | B77: =IF('JobPlanner Data'!B78="","",LOWER('JobPlanner Data'!B78)) | C77: =IF('JobPlanner Data'!D78<>"","JobPlanner Data'!D78,IF('JobPlanner Data'!F78<>"","JobPlanner Data'!F78,"")) | D77: =IF('JobPlanner Data'!J78="","",LOWER('JobPlanner Data'!J78)) | E77: =IF('JobPlanner Data'!C78="","",IFERROR(VLOOKUP('JobPlanner Data'!C78,'Company Lookup'!A:B,2,FALSE),"[NOT FOUND]")) | F77: =IF('JobPlanner Data'!G78="","",VALUE(SUBSTITUTE(SUBSTITUTE('JobPlanner Data'!G78,"$",""),",",""))) | G77: ="amount" | H77: =IF('JobPlanner Data'!L78="","","JobPlanner Data'!L78) | I77: =IF('JobPlanner Data'!H78="","","JobPlanner Data'!H78) | J77: =IF('JobPlanner Data'!N78="","",IF(ISNUMBER('JobPlanner Data'!N78),TEXT('JobPlanner Data'!N78,"YYYY-MM-DD"),"")) | K77: =IF('JobPlanner Data'!Q78="","",IF(ISNUMBER('JobPlanner Data'!Q78),TEXT('JobPlanner Data'!Q78,"YYYY-MM-DD"),"")) | L77: =IF('JobPlanner Data'!I78<>"",IF(ISNUMBER('JobPlanner Data'!I78),TEXT('JobPlanner Data'!I78,"YYYY-MM-DD"),""),IF('JobPlanner Data'!T78<>"",IF(ISNUMBER('JobPlanner Data'!T78),TEXT('JobPlanner Data'!T78,"YYYY-MM-DD"),""),"")) | M77: =IF('JobPlanner Data'!S78="","",IF(ISNUMBER('JobPlanner Data'!S78),TEXT('JobPlanner Data'!S78,"YYYY-MM-DD"),"")) | N77: =IF('JobPlanner Data'!R78="","",IF(ISNUMBER('JobPlanner Data'!R78),TEXT('JobPlanner Data'!R78,"YYYY-MM-DD"),"")) | O77: =IF('JobPlanner Data'!U78="","",IF(ISNUMBER('JobPlanner Data'!U78),TEXT('JobPlanner Data'!U78,"YYYY-MM-DD"),"")) | P77: =IF('JobPlanner Data'!O78="","","JobPlanner Data'!O78) | Q77: =IF('JobPlanner Data'!P78="","","JobPlanner Data'!P78)
A78: =IF('JobPlanner Data'!A79="","",IF(ISBLANK('JobPlanner Data'!A79),"",'JobPlanner Data'!A79)) | B78: =IF('JobPlanner Data'!B79="","",LOWER('JobPlanner Data'!B79)) | C78: =IF('JobPlanner Data'!D79<>"","JobPlanner Data'!D79,IF('JobPlanner Data'!F79<>"","JobPlanner Data'!F79,"")) | D78: =IF('JobPlanner Data'!J79="","",LOWER('JobPlanner Data'!J79)) | E78: =IF('JobPlanner Data'!C79="","",IFERROR(VLOOKUP('JobPlanner Data'!C79,'Company Lookup'!A:B,2,FALSE),"[NOT FOUND]")) | F78: =IF('JobPlanner Data'!G79="","",VALUE(SUBSTITUTE(SUBSTITUTE('JobPlanner Data'!G79,"$",""),",",""))) | G78: ="amount" | H78: =IF('JobPlanner Data'!L79="","","JobPlanner Data'!L79) | I78: =IF('JobPlanner Data'!H79="","","JobPlanner Data'!H79) | J78: =IF('JobPlanner Data'!N79="","",IF(ISNUMBER('JobPlanner Data'!N79),TEXT('JobPlanner Data'!N79,"YYYY-MM-DD"),"")) | K78: =IF('JobPlanner Data'!Q79="","",IF(ISNUMBER('JobPlanner Data'!Q79),TEXT('JobPlanner Data'!Q79,"YYYY-MM-DD"),"")) | L78: =IF('JobPlanner Data'!I79<>"",IF(ISNUMBER('JobPlanner Data'!I79),TEXT('JobPlanner Data'!I79,"YYYY-MM-DD"),""),IF('JobPlanner Data'!T79<>"",IF(ISNUMBER('JobPlanner Data'!T79),TEXT('JobPlanner Data'!T79,"YYYY-MM-DD"),""),"")) | M78: =IF('JobPlanner Data'!S79="","",IF(ISNUMBER('JobPlanner Data'!S79),TEXT('JobPlanner Data'!S79,"YYYY-MM-DD"),"")) | N78: =IF('JobPlanner Data'!R79="","",IF(ISNUMBER('JobPlanner Data'!R79),TEXT('JobPlanner Data'!R79,"YYYY-MM-DD"),"")) | O78: =IF('JobPlanner Data'!U79="","",IF(ISNUMBER('JobPlanner Data'!U79),TEXT('JobPlanner Data'!U79,"YYYY-MM-DD"),"")) | P78: =IF('JobPlanner Data'!O79="","","JobPlanner Data'!O79) | Q78: =IF('JobPlanner Data'!P79="","","JobPlanner Data'!P79)
A79: =IF('JobPlanner Data'!A80="","",IF(ISBLANK('JobPlanner Data'!A80),"",'JobPlanner Data'!A80)) | B79: =IF('JobPlanner Data'!B80="","",LOWER('JobPlanner Data'!B80)) | C79: =IF('JobPlanner Data'!D80<>"","JobPlanner Data'!D80,IF('JobPlanner Data'!F80<>"","JobPlanner Data'!F80,"")) | D79: =IF('JobPlanner Data'!J80="","",LOWER('JobPlanner Data'!J80)) | E79: =IF('JobPlanner Data'!C80="","",IFERROR(VLOOKUP('JobPlanner Data'!C80,'Company Lookup'!A:B,2,FALSE),"[NOT FOUND]")) | F79: =IF('JobPlanner Data'!G80="","",VALUE(SUBSTITUTE(SUBSTITUTE('JobPlanner Data'!G80,"$",""),",",""))) | G79: ="amount" | H79: =IF('JobPlanner Data'!L80="","","JobPlanner Data'!L80) | I79: =IF('JobPlanner Data'!H80="","","JobPlanner Data'!H80) | J79: =IF('JobPlanner Data'!N80="","",IF(ISNUMBER('JobPlanner Data'!N80),TEXT('JobPlanner Data'!N80,"YYYY-MM-DD"),"")) | K79: =IF('JobPlanner Data'!Q80="","",IF(ISNUMBER('JobPlanner Data'!Q80),TEXT('JobPlanner Data'!Q80,"YYYY-MM-DD"),"")) | L79: =IF('JobPlanner Data'!I80<>"",IF(ISNUMBER('JobPlanner Data'!I80),TEXT('JobPlanner Data'!I80,"YYYY-MM-DD"),""),IF('JobPlanner Data'!T80<>"",IF(ISNUMBER('JobPlanner Data'!T80),TEXT('JobPlanner Data'!T80,"YYYY-MM-DD"),""),"")) | M79: =IF('JobPlanner Data'!S80="","",IF(ISNUMBER('JobPlanner Data'!S80),TEXT('JobPlanner Data'!S80,"YYYY-MM-DD"),"")) | N79: =IF('JobPlanner Data'!R80="","",IF(ISNUMBER('JobPlanner Data'!R80),TEXT('JobPlanner Data'!R80,"YYYY-MM-DD"),"")) | O79: =IF('JobPlanner Data'!U80="","",IF(ISNUMBER('JobPlanner Data'!U80),TEXT('JobPlanner Data'!U80,"YYYY-MM-DD"),"")) | P79: =IF('JobPlanner Data'!O80="","","JobPlanner Data'!O80) | Q79: =IF('JobPlanner Data'!P80="","","JobPlanner Data'!P80)
A80: =IF('JobPlanner Data'!A81="","",IF(ISBLANK('JobPlanner Data'!A81),"",'JobPlanner Data'!A81)) | B80: =IF('JobPlanner Data'!B81="","",LOWER('JobPlanner Data'!B81)) | C80: =IF('JobPlanner Data'!D81<>"","JobPlanner Data'!D81,IF('JobPlanner Data'!F81<>"","JobPlanner Data'!F81,"")) | D80: =IF('JobPlanner Data'!J81="","",LOWER('JobPlanner Data'!J81)) | E80: =IF('JobPlanner Data'!C81="","",IFERROR(VLOOKUP('JobPlanner Data'!C81,'Company Lookup'!A:B,2,FALSE),"[NOT FOUND]")) | F80: =IF('JobPlanner Data'!G81="","",VALUE(SUBSTITUTE(SUBSTITUTE('JobPlanner Data'!G81,"$",""),",",""))) | G80: ="amount" | H80: =IF('JobPlanner Data'!L81="","","JobPlanner Data'!L81) | I80: =IF('JobPlanner Data'!H81="","","JobPlanner Data'!H81) | J80: =IF('JobPlanner Data'!N81="","",IF(ISNUMBER('JobPlanner Data'!N81),TEXT('JobPlanner Data'!N81,"YYYY-MM-DD"),"")) | K80: =IF('JobPlanner Data'!Q81="","",IF(ISNUMBER('JobPlanner Data'!Q81),TEXT('JobPlanner Data'!Q81,"YYYY-MM-DD"),"")) | L80: =IF('JobPlanner Data'!I81<>"",IF(ISNUMBER('JobPlanner Data'!I81),TEXT('JobPlanner Data'!I81,"YYYY-MM-DD"),""),IF('JobPlanner Data'!T81<>"",IF(ISNUMBER('JobPlanner Data'!T81),TEXT('JobPlanner Data'!T81,"YYYY-MM-DD"),""),"")) | M80: =IF('JobPlanner Data'!S81="","",IF(ISNUMBER('JobPlanner Data'!S81),TEXT('JobPlanner Data'!S81,"YYYY-MM-DD"),"")) | N80: =IF('JobPlanner Data'!R81="","",IF(ISNUMBER('JobPlanner Data'!R81),TEXT('JobPlanner Data'!R81,"YYYY-MM-DD"),"")) | O80: =IF('JobPlanner Data'!U81="","",IF(ISNUMBER('JobPlanner Data'!U81),TEXT('JobPlanner Data'!U81,"YYYY-MM-DD"),"")) | P80: =IF('JobPlanner Data'!O81="","","JobPlanner Data'!O81) | Q80: =IF('JobPlanner Data'!P81="","","JobPlanner Data'!P81)
A81: =IF('JobPlanner Data'!A82="","",IF(ISBLANK('JobPlanner Data'!A82),"",'JobPlanner Data'!A82)) | B81: =IF('JobPlanner Data'!B82="","",LOWER('JobPlanner Data'!B82)) | C81: =IF('JobPlanner Data'!D82<>"","JobPlanner Data'!D82,IF('JobPlanner Data'!F82<>"","JobPlanner Data'!F82,"")) | D81: =IF('JobPlanner Data'!J82="","",LOWER('JobPlanner Data'!J82)) | E81: =IF('JobPlanner Data'!C82="","",IFERROR(VLOOKUP('JobPlanner Data'!C82,'Company Lookup'!A:B,2,FALSE),"[NOT FOUND]")) | F81: =IF('JobPlanner Data'!G82="","",VALUE(SUBSTITUTE(SUBSTITUTE('JobPlanner Data'!G82,"$",""),",",""))) | G81: ="amount" | H81: =IF('JobPlanner Data'!L82="","","JobPlanner Data'!L82) | I81: =IF('JobPlanner Data'!H82="","","JobPlanner Data'!H82) | J81: =IF('JobPlanner Data'!N82="","",IF(ISNUMBER('JobPlanner Data'!N82),TEXT('JobPlanner Data'!N82,"YYYY-MM-DD"),"")) | K81: =IF('JobPlanner Data'!Q82="","",IF(ISNUMBER('JobPlanner Data'!Q82),TEXT('JobPlanner Data'!Q82,"YYYY-MM-DD"),"")) | L81: =IF('JobPlanner Data'!I82<>"",IF(ISNUMBER('JobPlanner Data'!I82),TEXT('JobPlanner Data'!I82,"YYYY-MM-DD"),""),IF('JobPlanner Data'!T82<>"",IF(ISNUMBER('JobPlanner Data'!T82),TEXT('JobPlanner Data'!T82,"YYYY-MM-DD"),""),"")) | M81: =IF('JobPlanner Data'!S82="","",IF(ISNUMBER('JobPlanner Data'!S82),TEXT('JobPlanner Data'!S82,"YYYY-MM-DD"),"")) | N81: =IF('JobPlanner Data'!R82="","",IF(ISNUMBER('JobPlanner Data'!R82),TEXT('JobPlanner Data'!R82,"YYYY-MM-DD"),"")) | O81: =IF('JobPlanner Data'!U82="","",IF(ISNUMBER('JobPlanner Data'!U82),TEXT('JobPlanner Data'!U82,"YYYY-MM-DD"),"")) | P81: =IF('JobPlanner Data'!O82="","","JobPlanner Data'!O82) | Q81: =IF('JobPlanner Data'!P82="","","JobPlanner Data'!P82)
A82: =IF('JobPlanner Data'!A83="","",IF(ISBLANK('JobPlanner Data'!A83),"",'JobPlanner Data'!A83)) | B82: =IF('JobPlanner Data'!B83="","",LOWER('JobPlanner Data'!B83)) | C82: =IF('JobPlanner Data'!D83<>"","JobPlanner Data'!D83,IF('JobPlanner Data'!F83<>"","JobPlanner Data'!F83,"")) | D82: =IF('JobPlanner Data'!J83="","",LOWER('JobPlanner Data'!J83)) | E82: =IF('JobPlanner Data'!C83="","",IFERROR(VLOOKUP('JobPlanner Data'!C83,'Company Lookup'!A:B,2,FALSE),"[NOT FOUND]")) | F82: =IF('JobPlanner Data'!G83="","",VALUE(SUBSTITUTE(SUBSTITUTE('JobPlanner Data'!G83,"$",""),",",""))) | G82: ="amount" | H82: =IF('JobPlanner Data'!L83="","","JobPlanner Data'!L83) | I82: =IF('JobPlanner Data'!H83="","","JobPlanner Data'!H83) | J82: =IF('JobPlanner Data'!N83="","",IF(ISNUMBER('JobPlanner Data'!N83),TEXT('JobPlanner Data'!N83,"YYYY-MM-DD"),"")) | K82: =IF('JobPlanner Data'!Q83="","",IF(ISNUMBER('JobPlanner Data'!Q83),TEXT('JobPlanner Data'!Q83,"YYYY-MM-DD"),"")) | L82: =IF('JobPlanner Data'!I83<>"",IF(ISNUMBER('JobPlanner Data'!I83),TEXT('JobPlanner Data'!I83,"YYYY-MM-DD"),""),IF('JobPlanner Data'!T83<>"",IF(ISNUMBER('JobPlanner Data'!T83),TEXT('JobPlanner Data'!T83,"YYYY-MM-DD"),""),"")) | M82: =IF('JobPlanner Data'!S83="","",IF(ISNUMBER('JobPlanner Data'!S83),TEXT('JobPlanner Data'!S83,"YYYY-MM-DD"),"")) | N82: =IF('JobPlanner Data'!R83="","",IF(ISNUMBER('JobPlanner Data'!R83),TEXT('JobPlanner Data'!R83,"YYYY-MM-DD"),"")) | O82: =IF('JobPlanner Data'!U83="","",IF(ISNUMBER('JobPlanner Data'!U83),TEXT('JobPlanner Data'!U83,"YYYY-MM-DD"),"")) | P82: =IF('JobPlanner Data'!O83="","","JobPlanner Data'!O83) | Q82: =IF('JobPlanner Data'!P83="","","JobPlanner Data'!P83)
A83: =IF('JobPlanner Data'!A84="","",IF(ISBLANK('JobPlanner Data'!A84),"",'JobPlanner Data'!A84)) | B83: =IF('JobPlanner Data'!B84="","",LOWER('JobPlanner Data'!B84)) | C83: =IF('JobPlanner Data'!D84<>"","JobPlanner Data'!D84,IF('JobPlanner Data'!F84<>"","JobPlanner Data'!F84,"")) | D83: =IF('JobPlanner Data'!J84="","",LOWER('JobPlanner Data'!J84)) | E83: =IF('JobPlanner Data'!C84="","",IFERROR(VLOOKUP('JobPlanner Data'!C84,'Company Lookup'!A:B,2,FALSE),"[NOT FOUND]")) | F83: =IF('JobPlanner Data'!G84="","",VALUE(SUBSTITUTE(SUBSTITUTE('JobPlanner Data'!G84,"$",""),",",""))) | G83: ="amount" | H83: =IF('JobPlanner Data'!L84="","","JobPlanner Data'!L84) | I83: =IF('JobPlanner Data'!H84="","","JobPlanner Data'!H84) | J83: =IF('JobPlanner Data'!N84="","",IF(ISNUMBER('JobPlanner Data'!N84),TEXT('JobPlanner Data'!N84,"YYYY-MM-DD"),"")) | K83: =IF('JobPlanner Data'!Q84="","",IF(ISNUMBER('JobPlanner Data'!Q84),TEXT('JobPlanner Data'!Q84,"YYYY-MM-DD"),"")) | L83: =IF('JobPlanner Data'!I84<>"",IF(ISNUMBER('JobPlanner Data'!I84),TEXT('JobPlanner Data'!I84,"YYYY-MM-DD"),""),IF('JobPlanner Data'!T84<>"",IF(ISNUMBER('JobPlanner Data'!T84),TEXT('JobPlanner Data'!T84,"YYYY-MM-DD"),""),"")) | M83: =IF('JobPlanner Data'!S84="","",IF(ISNUMBER('JobPlanner Data'!S84),TEXT('JobPlanner Data'!S84,"YYYY-MM-DD"),"")) | N83: =IF('JobPlanner Data'!R84="","",IF(ISNUMBER('JobPlanner Data'!R84),TEXT('JobPlanner Data'!R84,"YYYY-MM-DD"),"")) | O83: =IF('JobPlanner Data'!U84="","",IF(ISNUMBER('JobPlanner Data'!U84),TEXT('JobPlanner Data'!U84,"YYYY-MM-DD"),"")) | P83: =IF('JobPlanner Data'!O84="","","JobPlanner Data'!O84) | Q83: =IF('JobPlanner Data'!P84="","","JobPlanner Data'!P84)
A84: =IF('JobPlanner Data'!A85="","",IF(ISBLANK('JobPlanner Data'!A85),"",'JobPlanner Data'!A85)) | B84: =IF('JobPlanner Data'!B85="","",LOWER('JobPlanner Data'!B85)) | C84: =IF('JobPlanner Data'!D85<>"","JobPlanner Data'!D85,IF('JobPlanner Data'!F85<>"","JobPlanner Data'!F85,"")) | D84: =IF('JobPlanner Data'!J85="","",LOWER('JobPlanner Data'!J85)) | E84: =IF('JobPlanner Data'!C85="","",IFERROR(VLOOKUP('JobPlanner Data'!C85,'Company Lookup'!A:B,2,FALSE),"[NOT FOUND]")) | F84: =IF('JobPlanner Data'!G85="","",VALUE(SUBSTITUTE(SUBSTITUTE('JobPlanner Data'!G85,"$",""),",",""))) | G84: ="amount" | H84: =IF('JobPlanner Data'!L85="","","JobPlanner Data'!L85) | I84: =IF('JobPlanner Data'!H85="","","JobPlanner Data'!H85) | J84: =IF('JobPlanner Data'!N85="","",IF(ISNUMBER('JobPlanner Data'!N85),TEXT('JobPlanner Data'!N85,"YYYY-MM-DD"),"")) | K84: =IF('JobPlanner Data'!Q85="","",IF(ISNUMBER('JobPlanner Data'!Q85),TEXT('JobPlanner Data'!Q85,"YYYY-MM-DD"),"")) | L84: =IF('JobPlanner Data'!I85<>"",IF(ISNUMBER('JobPlanner Data'!I85),TEXT('JobPlanner Data'!I85,"YYYY-MM-DD"),""),IF('JobPlanner Data'!T85<>"",IF(ISNUMBER('JobPlanner Data'!T85),TEXT('JobPlanner Data'!T85,"YYYY-MM-DD"),""),"")) | M84: =IF('JobPlanner Data'!S85="","",IF(ISNUMBER('JobPlanner Data'!S85),TEXT('JobPlanner Data'!S85,"YYYY-MM-DD"),"")) | N84: =IF('JobPlanner Data'!R85="","",IF(ISNUMBER('JobPlanner Data'!R85),TEXT('JobPlanner Data'!R85,"YYYY-MM-DD"),"")) | O84: =IF('JobPlanner Data'!U85="","",IF(ISNUMBER('JobPlanner Data'!U85),TEXT('JobPlanner Data'!U85,"YYYY-MM-DD"),"")) | P84: =IF('JobPlanner Data'!O85="","","JobPlanner Data'!O85) | Q84: =IF('JobPlanner Data'!P85="","","JobPlanner Data'!P85)
A85: =IF('JobPlanner Data'!A86="","",IF(ISBLANK('JobPlanner Data'!A86),"",'JobPlanner Data'!A86)) | B85: =IF('JobPlanner Data'!B86="","",LOWER('JobPlanner Data'!B86)) | C85: =IF('JobPlanner Data'!D86<>"","JobPlanner Data'!D86,IF('JobPlanner Data'!F86<>"","JobPlanner Data'!F86,"")) | D85: =IF('JobPlanner Data'!J86="","",LOWER('JobPlanner Data'!J86)) | E85: =IF('JobPlanner Data'!C86="","",IFERROR(VLOOKUP('JobPlanner Data'!C86,'Company Lookup'!A:B,2,FALSE),"[NOT FOUND]")) | F85: =IF('JobPlanner Data'!G86="","",VALUE(SUBSTITUTE(SUBSTITUTE('JobPlanner Data'!G86,"$",""),",",""))) | G85: ="amount" | H85: =IF('JobPlanner Data'!L86="","","JobPlanner Data'!L86) | I85: =IF('JobPlanner Data'!H86="","","JobPlanner Data'!H86) | J85: =IF('JobPlanner Data'!N86="","",IF(ISNUMBER('JobPlanner Data'!N86),TEXT('JobPlanner Data'!N86,"YYYY-MM-DD"),"")) | K85: =IF('JobPlanner Data'!Q86="","",IF(ISNUMBER('JobPlanner Data'!Q86),TEXT('JobPlanner Data'!Q86,"YYYY-MM-DD"),"")) | L85: =IF('JobPlanner Data'!I86<>"",IF(ISNUMBER('JobPlanner Data'!I86),TEXT('JobPlanner Data'!I86,"YYYY-MM-DD"),""),IF('JobPlanner Data'!T86<>"",IF(ISNUMBER('JobPlanner Data'!T86),TEXT('JobPlanner Data'!T86,"YYYY-MM-DD"),""),"")) | M85: =IF('JobPlanner Data'!S86="","",IF(ISNUMBER('JobPlanner Data'!S86),TEXT('JobPlanner Data'!S86,"YYYY-MM-DD"),"")) | N85: =IF('JobPlanner Data'!R86="","",IF(ISNUMBER('JobPlanner Data'!R86),TEXT('JobPlanner Data'!R86,"YYYY-MM-DD"),"")) | O85: =IF('JobPlanner Data'!U86="","",IF(ISNUMBER('JobPlanner Data'!U86),TEXT('JobPlanner Data'!U86,"YYYY-MM-DD"),"")) | P85: =IF('JobPlanner Data'!O86="","","JobPlanner Data'!O86) | Q85: =IF('JobPlanner Data'!P86="","","JobPlanner Data'!P86)
A86: =IF('JobPlanner Data'!A87="","",IF(ISBLANK('JobPlanner Data'!A87),"",'JobPlanner Data'!A87)) | B86: =IF('JobPlanner Data'!B87="","",LOWER('JobPlanner Data'!B87)) | C86: =IF('JobPlanner Data'!D87<>"","JobPlanner Data'!D87,IF('JobPlanner Data'!F87<>"","JobPlanner Data'!F87,"")) | D86: =IF('JobPlanner Data'!J87="","",LOWER('JobPlanner Data'!J87)) | E86: =IF('JobPlanner Data'!C87="","",IFERROR(VLOOKUP('JobPlanner Data'!C87,'Company Lookup'!A:B,2,FALSE),"[NOT FOUND]")) | F86: =IF('JobPlanner Data'!G87="","",VALUE(SUBSTITUTE(SUBSTITUTE('JobPlanner Data'!G87,"$",""),",",""))) | G86: ="amount" | H86: =IF('JobPlanner Data'!L87="","","JobPlanner Data'!L87) | I86: =IF('JobPlanner Data'!H87="","","JobPlanner Data'!H87) | J86: =IF('JobPlanner Data'!N87="","",IF(ISNUMBER('JobPlanner Data'!N87),TEXT('JobPlanner Data'!N87,"YYYY-MM-DD"),"")) | K86: =IF('JobPlanner Data'!Q87="","",IF(ISNUMBER('JobPlanner Data'!Q87),TEXT('JobPlanner Data'!Q87,"YYYY-MM-DD"),"")) | L86: =IF('JobPlanner Data'!I87<>"",IF(ISNUMBER('JobPlanner Data'!I87),TEXT('JobPlanner Data'!I87,"YYYY-MM-DD"),""),IF('JobPlanner Data'!T87<>"",IF(ISNUMBER('JobPlanner Data'!T87),TEXT('JobPlanner Data'!T87,"YYYY-MM-DD"),""),"")) | M86: =IF('JobPlanner Data'!S87="","",IF(ISNUMBER('JobPlanner Data'!S87),TEXT('JobPlanner Data'!S87,"YYYY-MM-DD"),"")) | N86: =IF('JobPlanner Data'!R87="","",IF(ISNUMBER('JobPlanner Data'!R87),TEXT('JobPlanner Data'!R87,"YYYY-MM-DD"),"")) | O86: =IF('JobPlanner Data'!U87="","",IF(ISNUMBER('JobPlanner Data'!U87),TEXT('JobPlanner Data'!U87,"YYYY-MM-DD"),"")) | P86: =IF('JobPlanner Data'!O87="","","JobPlanner Data'!O87) | Q86: =IF('JobPlanner Data'!P87="","","JobPlanner Data'!P87)
A87: =IF('JobPlanner Data'!A88="","",IF(ISBLANK('JobPlanner Data'!A88),"",'JobPlanner Data'!A88)) | B87: =IF('JobPlanner Data'!B88="","",LOWER('JobPlanner Data'!B88)) | C87: =IF('JobPlanner Data'!D88<>"","JobPlanner Data'!D88,IF('JobPlanner Data'!F88<>"","JobPlanner Data'!F88,"")) | D87: =IF('JobPlanner Data'!J88="","",LOWER('JobPlanner Data'!J88)) | E87: =IF('JobPlanner Data'!C88="","",IFERROR(VLOOKUP('JobPlanner Data'!C88,'Company Lookup'!A:B,2,FALSE),"[NOT FOUND]")) | F87: =IF('JobPlanner Data'!G88="","",VALUE(SUBSTITUTE(SUBSTITUTE('JobPlanner Data'!G88,"$",""),",",""))) | G87: ="amount" | H87: =IF('JobPlanner Data'!L88="","","JobPlanner Data'!L88) | I87: =IF('JobPlanner Data'!H88="","","JobPlanner Data'!H88) | J87: =IF('JobPlanner Data'!N88="","",IF(ISNUMBER('JobPlanner Data'!N88),TEXT('JobPlanner Data'!N88,"YYYY-MM-DD"),"")) | K87: =IF('JobPlanner Data'!Q88="","",IF(ISNUMBER('JobPlanner Data'!Q88),TEXT('JobPlanner Data'!Q88,"YYYY-MM-DD"),"")) | L87: =IF('JobPlanner Data'!I88<>"",IF(ISNUMBER('JobPlanner Data'!I88),TEXT('JobPlanner Data'!I88,"YYYY-MM-DD"),""),IF('JobPlanner Data'!T88<>"",IF(ISNUMBER('JobPlanner Data'!T88),TEXT('JobPlanner Data'!T88,"YYYY-MM-DD"),""),"")) | M87: =IF('JobPlanner Data'!S88="","",IF(ISNUMBER('JobPlanner Data'!S88),TEXT('JobPlanner Data'!S88,"YYYY-MM-DD"),"")) | N87: =IF('JobPlanner Data'!R88="","",IF(ISNUMBER('JobPlanner Data'!R88),TEXT('JobPlanner Data'!R88,"YYYY-MM-DD"),"")) | O87: =IF('JobPlanner Data'!U88="","",IF(ISNUMBER('JobPlanner Data'!U88),TEXT('JobPlanner Data'!U88,"YYYY-MM-DD"),"")) | P87: =IF('JobPlanner Data'!O88="","","JobPlanner Data'!O88) | Q87: =IF('JobPlanner Data'!P88="","","JobPlanner Data'!P88)
A88: =IF('JobPlanner Data'!A89="","",IF(ISBLANK('JobPlanner Data'!A89),"",'JobPlanner Data'!A89)) | B88: =IF('JobPlanner Data'!B89="","",LOWER('JobPlanner Data'!B89)) | C88: =IF('JobPlanner Data'!D89<>"","JobPlanner Data'!D89,IF('JobPlanner Data'!F89<>"","JobPlanner Data'!F89,"")) | D88: =IF('JobPlanner Data'!J89="","",LOWER('JobPlanner Data'!J89)) | E88: =IF('JobPlanner Data'!C89="","",IFERROR(VLOOKUP('JobPlanner Data'!C89,'Company Lookup'!A:B,2,FALSE),"[NOT FOUND]")) | F88: =IF('JobPlanner Data'!G89="","",VALUE(SUBSTITUTE(SUBSTITUTE('JobPlanner Data'!G89,"$",""),",",""))) | G88: ="amount" | H88: =IF('JobPlanner Data'!L89="","","JobPlanner Data'!L89) | I88: =IF('JobPlanner Data'!H89="","","JobPlanner Data'!H89) | J88: =IF('JobPlanner Data'!N89="","",IF(ISNUMBER('JobPlanner Data'!N89),TEXT('JobPlanner Data'!N89,"YYYY-MM-DD"),"")) | K88: =IF('JobPlanner Data'!Q89="","",IF(ISNUMBER('JobPlanner Data'!Q89),TEXT('JobPlanner Data'!Q89,"YYYY-MM-DD"),"")) | L88: =IF('JobPlanner Data'!I89<>"",IF(ISNUMBER('JobPlanner Data'!I89),TEXT('JobPlanner Data'!I89,"YYYY-MM-DD"),""),IF('JobPlanner Data'!T89<>"",IF(ISNUMBER('JobPlanner Data'!T89),TEXT('JobPlanner Data'!T89,"YYYY-MM-DD"),""),"")) | M88: =IF('JobPlanner Data'!S89="","",IF(ISNUMBER('JobPlanner Data'!S89),TEXT('JobPlanner Data'!S89,"YYYY-MM-DD"),"")) | N88: =IF('JobPlanner Data'!R89="","",IF(ISNUMBER('JobPlanner Data'!R89),TEXT('JobPlanner Data'!R89,"YYYY-MM-DD"),"")) | O88: =IF('JobPlanner Data'!U89="","",IF(ISNUMBER('JobPlanner Data'!U89),TEXT('JobPlanner Data'!U89,"YYYY-MM-DD"),"")) | P88: =IF('JobPlanner Data'!O89="","","JobPlanner Data'!O89) | Q88: =IF('JobPlanner Data'!P89="","","JobPlanner Data'!P89)
A89: =IF('JobPlanner Data'!A90="","",IF(ISBLANK('JobPlanner Data'!A90),"",'JobPlanner Data'!A90)) | B89: =IF('JobPlanner Data'!B90="","",LOWER('JobPlanner Data'!B90)) | C89: =IF('JobPlanner Data'!D90<>"","JobPlanner Data'!D90,IF('JobPlanner Data'!F90<>"","JobPlanner Data'!F90,"")) | D89: =IF('JobPlanner Data'!J90="","",LOWER('JobPlanner Data'!J90)) | E89: =IF('JobPlanner Data'!C90="","",IFERROR(VLOOKUP('JobPlanner Data'!C90,'Company Lookup'!A:B,2,FALSE),"[NOT FOUND]")) | F89: =IF('JobPlanner Data'!G90="","",VALUE(SUBSTITUTE(SUBSTITUTE('JobPlanner Data'!G90,"$",""),",",""))) | G89: ="amount" | H89: =IF('JobPlanner Data'!L90="","","JobPlanner Data'!L90) | I89: =IF('JobPlanner Data'!H90="","","JobPlanner Data'!H90) | J89: =IF('JobPlanner Data'!N90="","",IF(ISNUMBER('JobPlanner Data'!N90),TEXT('JobPlanner Data'!N90,"YYYY-MM-DD"),"")) | K89: =IF('JobPlanner Data'!Q90="","",IF(ISNUMBER('JobPlanner Data'!Q90),TEXT('JobPlanner Data'!Q90,"YYYY-MM-DD"),"")) | L89: =IF('JobPlanner Data'!I90<>"",IF(ISNUMBER('JobPlanner Data'!I90),TEXT('JobPlanner Data'!I90,"YYYY-MM-DD"),""),IF('JobPlanner Data'!T90<>"",IF(ISNUMBER('JobPlanner Data'!T90),TEXT('JobPlanner Data'!T90,"YYYY-MM-DD"),""),"")) | M89: =IF('JobPlanner Data'!S90="","",IF(ISNUMBER('JobPlanner Data'!S90),TEXT('JobPlanner Data'!S90,"YYYY-MM-DD"),"")) | N89: =IF('JobPlanner Data'!R90="","",IF(ISNUMBER('JobPlanner Data'!R90),TEXT('JobPlanner Data'!R90,"YYYY-MM-DD"),"")) | O89: =IF('JobPlanner Data'!U90="","",IF(ISNUMBER('JobPlanner Data'!U90),TEXT('JobPlanner Data'!U90,"YYYY-MM-DD"),"")) | P89: =IF('JobPlanner Data'!O90="","","JobPlanner Data'!O90) | Q89: =IF('JobPlanner Data'!P90="","","JobPlanner Data'!P90)
A90: =IF('JobPlanner Data'!A91="","",IF(ISBLANK('JobPlanner Data'!A91),"",'JobPlanner Data'!A91)) | B90: =IF('JobPlanner Data'!B91="","",LOWER('JobPlanner Data'!B91)) | C90: =IF('JobPlanner Data'!D91<>"","JobPlanner Data'!D91,IF('JobPlanner Data'!F91<>"","JobPlanner Data'!F91,"")) | D90: =IF('JobPlanner Data'!J91="","",LOWER('JobPlanner Data'!J91)) | E90: =IF('JobPlanner Data'!C91="","",IFERROR(VLOOKUP('JobPlanner Data'!C91,'Company Lookup'!A:B,2,FALSE),"[NOT FOUND]")) | F90: =IF('JobPlanner Data'!G91="","",VALUE(SUBSTITUTE(SUBSTITUTE('JobPlanner Data'!G91,"$",""),",",""))) | G90: ="amount" | H90: =IF('JobPlanner Data'!L91="","","JobPlanner Data'!L91) | I90: =IF('JobPlanner Data'!H91="","","JobPlanner Data'!H91) | J90: =IF('JobPlanner Data'!N91="","",IF(ISNUMBER('JobPlanner Data'!N91),TEXT('JobPlanner Data'!N91,"YYYY-MM-DD"),"")) | K90: =IF('JobPlanner Data'!Q91="","",IF(ISNUMBER('JobPlanner Data'!Q91),TEXT('JobPlanner Data'!Q91,"YYYY-MM-DD"),"")) | L90: =IF('JobPlanner Data'!I91<>"",IF(ISNUMBER('JobPlanner Data'!I91),TEXT('JobPlanner Data'!I91,"YYYY-MM-DD"),""),IF('JobPlanner Data'!T91<>"",IF(ISNUMBER('JobPlanner Data'!T91),TEXT('JobPlanner Data'!T91,"YYYY-MM-DD"),""),"")) | M90: =IF('JobPlanner Data'!S91="","",IF(ISNUMBER('JobPlanner Data'!S91),TEXT('JobPlanner Data'!S91,"YYYY-MM-DD"),"")) | N90: =IF('JobPlanner Data'!R91="","",IF(ISNUMBER('JobPlanner Data'!R91),TEXT('JobPlanner Data'!R91,"YYYY-MM-DD"),"")) | O90: =IF('JobPlanner Data'!U91="","",IF(ISNUMBER('JobPlanner Data'!U91),TEXT('JobPlanner Data'!U91,"YYYY-MM-DD"),"")) | P90: =IF('JobPlanner Data'!O91="","","JobPlanner Data'!O91) | Q90: =IF('JobPlanner Data'!P91="","","JobPlanner Data'!P91)
A91: =IF('JobPlanner Data'!A92="","",IF(ISBLANK('JobPlanner Data'!A92),"",'JobPlanner Data'!A92)) | B91: =IF('JobPlanner Data'!B92="","",LOWER('JobPlanner Data'!B92)) | C91: =IF('JobPlanner Data'!D92<>"","JobPlanner Data'!D92,IF('JobPlanner Data'!F92<>"","JobPlanner Data'!F92,"")) | D91: =IF('JobPlanner Data'!J92="","",LOWER('JobPlanner Data'!J92)) | E91: =IF('JobPlanner Data'!C92="","",IFERROR(VLOOKUP('JobPlanner Data'!C92,'Company Lookup'!A:B,2,FALSE),"[NOT FOUND]")) | F91: =IF('JobPlanner Data'!G92="","",VALUE(SUBSTITUTE(SUBSTITUTE('JobPlanner Data'!G92,"$",""),",",""))) | G91: ="amount" | H91: =IF('JobPlanner Data'!L92="","","JobPlanner Data'!L92) | I91: =IF('JobPlanner Data'!H92="","","JobPlanner Data'!H92) | J91: =IF('JobPlanner Data'!N92="","",IF(ISNUMBER('JobPlanner Data'!N92),TEXT('JobPlanner Data'!N92,"YYYY-MM-DD"),"")) | K91: =IF('JobPlanner Data'!Q92="","",IF(ISNUMBER('JobPlanner Data'!Q92),TEXT('JobPlanner Data'!Q92,"YYYY-MM-DD"),"")) | L91: =IF('JobPlanner Data'!I92<>"",IF(ISNUMBER('JobPlanner Data'!I92),TEXT('JobPlanner Data'!I92,"YYYY-MM-DD"),""),IF('JobPlanner Data'!T92<>"",IF(ISNUMBER('JobPlanner Data'!T92),TEXT('JobPlanner Data'!T92,"YYYY-MM-DD"),""),"")) | M91: =IF('JobPlanner Data'!S92="","",IF(ISNUMBER('JobPlanner Data'!S92),TEXT('JobPlanner Data'!S92,"YYYY-MM-DD"),"")) | N91: =IF('JobPlanner Data'!R92="","",IF(ISNUMBER('JobPlanner Data'!R92),TEXT('JobPlanner Data'!R92,"YYYY-MM-DD"),"")) | O91: =IF('JobPlanner Data'!U92="","",IF(ISNUMBER('JobPlanner Data'!U92),TEXT('JobPlanner Data'!U92,"YYYY-MM-DD"),"")) | P91: =IF('JobPlanner Data'!O92="","","JobPlanner Data'!O92) | Q91: =IF('JobPlanner Data'!P92="","","JobPlanner Data'!P92)
A92: =IF('JobPlanner Data'!A93="","",IF(ISBLANK('JobPlanner Data'!A93),"",'JobPlanner Data'!A93)) | B92: =IF('JobPlanner Data'!B93="","",LOWER('JobPlanner Data'!B93)) | C92: =IF('JobPlanner Data'!D93<>"","JobPlanner Data'!D93,IF('JobPlanner Data'!F93<>"","JobPlanner Data'!F93,"")) | D92: =IF('JobPlanner Data'!J93="","",LOWER('JobPlanner Data'!J93)) | E92: =IF('JobPlanner Data'!C93="","",IFERROR(VLOOKUP('JobPlanner Data'!C93,'Company Lookup'!A:B,2,FALSE),"[NOT FOUND]")) | F92: =IF('JobPlanner Data'!G93="","",VALUE(SUBSTITUTE(SUBSTITUTE('JobPlanner Data'!G93,"$",""),",",""))) | G92: ="amount" | H92: =IF('JobPlanner Data'!L93="","","JobPlanner Data'!L93) | I92: =IF('JobPlanner Data'!H93="","","JobPlanner Data'!H93) | J92: =IF('JobPlanner Data'!N93="","",IF(ISNUMBER('JobPlanner Data'!N93),TEXT('JobPlanner Data'!N93,"YYYY-MM-DD"),"")) | K92: =IF('JobPlanner Data'!Q93="","",IF(ISNUMBER('JobPlanner Data'!Q93),TEXT('JobPlanner Data'!Q93,"YYYY-MM-DD"),"")) | L92: =IF('JobPlanner Data'!I93<>"",IF(ISNUMBER('JobPlanner Data'!I93),TEXT('JobPlanner Data'!I93,"YYYY-MM-DD"),""),IF('JobPlanner Data'!T93<>"",IF(ISNUMBER('JobPlanner Data'!T93),TEXT('JobPlanner Data'!T93,"YYYY-MM-DD"),""),"")) | M92: =IF('JobPlanner Data'!S93="","",IF(ISNUMBER('JobPlanner Data'!S93),TEXT('JobPlanner Data'!S93,"YYYY-MM-DD"),"")) | N92: =IF('JobPlanner Data'!R93="","",IF(ISNUMBER('JobPlanner Data'!R93),TEXT('JobPlanner Data'!R93,"YYYY-MM-DD"),"")) | O92: =IF('JobPlanner Data'!U93="","",IF(ISNUMBER('JobPlanner Data'!U93),TEXT('JobPlanner Data'!U93,"YYYY-MM-DD"),"")) | P92: =IF('JobPlanner Data'!O93="","","JobPlanner Data'!O93) | Q92: =IF('JobPlanner Data'!P93="","","JobPlanner Data'!P93)
A93: =IF('JobPlanner Data'!A94="","",IF(ISBLANK('JobPlanner Data'!A94),"",'JobPlanner Data'!A94)) | B93: =IF('JobPlanner Data'!B94="","",LOWER('JobPlanner Data'!B94)) | C93: =IF('JobPlanner Data'!D94<>"","JobPlanner Data'!D94,IF('JobPlanner Data'!F94<>"","JobPlanner Data'!F94,"")) | D93: =IF('JobPlanner Data'!J94="","",LOWER('JobPlanner Data'!J94)) | E93: =IF('JobPlanner Data'!C94="","",IFERROR(VLOOKUP('JobPlanner Data'!C94,'Company Lookup'!A:B,2,FALSE),"[NOT FOUND]")) | F93: =IF('JobPlanner Data'!G94="","",VALUE(SUBSTITUTE(SUBSTITUTE('JobPlanner Data'!G94,"$",""),",",""))) | G93: ="amount" | H93: =IF('JobPlanner Data'!L94="","","JobPlanner Data'!L94) | I93: =IF('JobPlanner Data'!H94="","","JobPlanner Data'!H94) | J93: =IF('JobPlanner Data'!N94="","",IF(ISNUMBER('JobPlanner Data'!N94),TEXT('JobPlanner Data'!N94,"YYYY-MM-DD"),"")) | K93: =IF('JobPlanner Data'!Q94="","",IF(ISNUMBER('JobPlanner Data'!Q94),TEXT('JobPlanner Data'!Q94,"YYYY-MM-DD"),"")) | L93: =IF('JobPlanner Data'!I94<>"",IF(ISNUMBER('JobPlanner Data'!I94),TEXT('JobPlanner Data'!I94,"YYYY-MM-DD"),""),IF('JobPlanner Data'!T94<>"",IF(ISNUMBER('JobPlanner Data'!T94),TEXT('JobPlanner Data'!T94,"YYYY-MM-DD"),""),"")) | M93: =IF('JobPlanner Data'!S94="","",IF(ISNUMBER('JobPlanner Data'!S94),TEXT('JobPlanner Data'!S94,"YYYY-MM-DD"),"")) | N93: =IF('JobPlanner Data'!R94="","",IF(ISNUMBER('JobPlanner Data'!R94),TEXT('JobPlanner Data'!R94,"YYYY-MM-DD"),"")) | O93: =IF('JobPlanner Data'!U94="","",IF(ISNUMBER('JobPlanner Data'!U94),TEXT('JobPlanner Data'!U94,"YYYY-MM-DD"),"")) | P93: =IF('JobPlanner Data'!O94="","","JobPlanner Data'!O94) | Q93: =IF('JobPlanner Data'!P94="","","JobPlanner Data'!P94)
A94: =IF('JobPlanner Data'!A95="","",IF(ISBLANK('JobPlanner Data'!A95),"",'JobPlanner Data'!A95)) | B94: =IF('JobPlanner Data'!B95="","",LOWER('JobPlanner Data'!B95)) | C94: =IF('JobPlanner Data'!D95<>"","JobPlanner Data'!D95,IF('JobPlanner Data'!F95<>"","JobPlanner Data'!F95,"")) | D94: =IF('JobPlanner Data'!J95="","",LOWER('JobPlanner Data'!J95)) | E94: =IF('JobPlanner Data'!C95="","",IFERROR(VLOOKUP('JobPlanner Data'!C95,'Company Lookup'!A:B,2,FALSE),"[NOT FOUND]")) | F94: =IF('JobPlanner Data'!G95="","",VALUE(SUBSTITUTE(SUBSTITUTE('JobPlanner Data'!G95,"$",""),",",""))) | G94: ="amount" | H94: =IF('JobPlanner Data'!L95="","","JobPlanner Data'!L95) | I94: =IF('JobPlanner Data'!H95="","","JobPlanner Data'!H95) | J94: =IF('JobPlanner Data'!N95="","",IF(ISNUMBER('JobPlanner Data'!N95),TEXT('JobPlanner Data'!N95,"YYYY-MM-DD"),"")) | K94: =IF('JobPlanner Data'!Q95="","",IF(ISNUMBER('JobPlanner Data'!Q95),TEXT('JobPlanner Data'!Q95,"YYYY-MM-DD"),"")) | L94: =IF('JobPlanner Data'!I95<>"",IF(ISNUMBER('JobPlanner Data'!I95),TEXT('JobPlanner Data'!I95,"YYYY-MM-DD"),""),IF('JobPlanner Data'!T95<>"",IF(ISNUMBER('JobPlanner Data'!T95),TEXT('JobPlanner Data'!T95,"YYYY-MM-DD"),""),"")) | M94: =IF('JobPlanner Data'!S95="","",IF(ISNUMBER('JobPlanner Data'!S95),TEXT('JobPlanner Data'!S95,"YYYY-MM-DD"),"")) | N94: =IF('JobPlanner Data'!R95="","",IF(ISNUMBER('JobPlanner Data'!R95),TEXT('JobPlanner Data'!R95,"YYYY-MM-DD"),"")) | O94: =IF('JobPlanner Data'!U95="","",IF(ISNUMBER('JobPlanner Data'!U95),TEXT('JobPlanner Data'!U95,"YYYY-MM-DD"),"")) | P94: =IF('JobPlanner Data'!O95="","","JobPlanner Data'!O95) | Q94: =IF('JobPlanner Data'!P95="","","JobPlanner Data'!P95)
A95: =IF('JobPlanner Data'!A96="","",IF(ISBLANK('JobPlanner Data'!A96),"",'JobPlanner Data'!A96)) | B95: =IF('JobPlanner Data'!B96="","",LOWER('JobPlanner Data'!B96)) | C95: =IF('JobPlanner Data'!D96<>"","JobPlanner Data'!D96,IF('JobPlanner Data'!F96<>"","JobPlanner Data'!F96,"")) | D95: =IF('JobPlanner Data'!J96="","",LOWER('JobPlanner Data'!J96)) | E95: =IF('JobPlanner Data'!C96="","",IFERROR(VLOOKUP('JobPlanner Data'!C96,'Company Lookup'!A:B,2,FALSE),"[NOT FOUND]")) | F95: =IF('JobPlanner Data'!G96="","",VALUE(SUBSTITUTE(SUBSTITUTE('JobPlanner Data'!G96,"$",""),",",""))) | G95: ="amount" | H95: =IF('JobPlanner Data'!L96="","","JobPlanner Data'!L96) | I95: =IF('JobPlanner Data'!H96="","","JobPlanner Data'!H96) | J95: =IF('JobPlanner Data'!N96="","",IF(ISNUMBER('JobPlanner Data'!N96),TEXT('JobPlanner Data'!N96,"YYYY-MM-DD"),"")) | K95: =IF('JobPlanner Data'!Q96="","",IF(ISNUMBER('JobPlanner Data'!Q96),TEXT('JobPlanner Data'!Q96,"YYYY-MM-DD"),"")) | L95: =IF('JobPlanner Data'!I96<>"",IF(ISNUMBER('JobPlanner Data'!I96),TEXT('JobPlanner Data'!I96,"YYYY-MM-DD"),""),IF('JobPlanner Data'!T96<>"",IF(ISNUMBER('JobPlanner Data'!T96),TEXT('JobPlanner Data'!T96,"YYYY-MM-DD"),""),"")) | M95: =IF('JobPlanner Data'!S96="","",IF(ISNUMBER('JobPlanner Data'!S96),TEXT('JobPlanner Data'!S96,"YYYY-MM-DD"),"")) | N95: =IF('JobPlanner Data'!R96="","",IF(ISNUMBER('JobPlanner Data'!R96),TEXT('JobPlanner Data'!R96,"YYYY-MM-DD"),"")) | O95: =IF('JobPlanner Data'!U96="","",IF(ISNUMBER('JobPlanner Data'!U96),TEXT('JobPlanner Data'!U96,"YYYY-MM-DD"),"")) | P95: =IF('JobPlanner Data'!O96="","","JobPlanner Data'!O96) | Q95: =IF('JobPlanner Data'!P96="","","JobPlanner Data'!P96)
A96: =IF('JobPlanner Data'!A97="","",IF(ISBLANK('JobPlanner Data'!A97),"",'JobPlanner Data'!A97)) | B96: =IF('JobPlanner Data'!B97="","",LOWER('JobPlanner Data'!B97)) | C96: =IF('JobPlanner Data'!D97<>"","JobPlanner Data'!D97,IF('JobPlanner Data'!F97<>"","JobPlanner Data'!F97,"")) | D96: =IF('JobPlanner Data'!J97="","",LOWER('JobPlanner Data'!J97)) | E96: =IF('JobPlanner Data'!C97="","",IFERROR(VLOOKUP('JobPlanner Data'!C97,'Company Lookup'!A:B,2,FALSE),"[NOT FOUND]")) | F96: =IF('JobPlanner Data'!G97="","",VALUE(SUBSTITUTE(SUBSTITUTE('JobPlanner Data'!G97,"$",""),",",""))) | G96: ="amount" | H96: =IF('JobPlanner Data'!L97="","","JobPlanner Data'!L97) | I96: =IF('JobPlanner Data'!H97="","","JobPlanner Data'!H97) | J96: =IF('JobPlanner Data'!N97="","",IF(ISNUMBER('JobPlanner Data'!N97),TEXT('JobPlanner Data'!N97,"YYYY-MM-DD"),"")) | K96: =IF('JobPlanner Data'!Q97="","",IF(ISNUMBER('JobPlanner Data'!Q97),TEXT('JobPlanner Data'!Q97,"YYYY-MM-DD"),"")) | L96: =IF('JobPlanner Data'!I97<>"",IF(ISNUMBER('JobPlanner Data'!I97),TEXT('JobPlanner Data'!I97,"YYYY-MM-DD"),""),IF('JobPlanner Data'!T97<>"",IF(ISNUMBER('JobPlanner Data'!T97),TEXT('JobPlanner Data'!T97,"YYYY-MM-DD"),""),"")) | M96: =IF('JobPlanner Data'!S97="","",IF(ISNUMBER('JobPlanner Data'!S97),TEXT('JobPlanner Data'!S97,"YYYY-MM-DD"),"")) | N96: =IF('JobPlanner Data'!R97="","",IF(ISNUMBER('JobPlanner Data'!R97),TEXT('JobPlanner Data'!R97,"YYYY-MM-DD"),"")) | O96: =IF('JobPlanner Data'!U97="","",IF(ISNUMBER('JobPlanner Data'!U97),TEXT('JobPlanner Data'!U97,"YYYY-MM-DD"),"")) | P96: =IF('JobPlanner Data'!O97="","","JobPlanner Data'!O97) | Q96: =IF('JobPlanner Data'!P97="","","JobPlanner Data'!P97)
A97: =IF('JobPlanner Data'!A98="","",IF(ISBLANK('JobPlanner Data'!A98),"",'JobPlanner Data'!A98)) | B97: =IF('JobPlanner Data'!B98="","",LOWER('JobPlanner Data'!B98)) | C97: =IF('JobPlanner Data'!D98<>"","JobPlanner Data'!D98,IF('JobPlanner Data'!F98<>"","JobPlanner Data'!F98,"")) | D97: =IF('JobPlanner Data'!J98="","",LOWER('JobPlanner Data'!J98)) | E97: =IF('JobPlanner Data'!C98="","",IFERROR(VLOOKUP('JobPlanner Data'!C98,'Company Lookup'!A:B,2,FALSE),"[NOT FOUND]")) | F97: =IF('JobPlanner Data'!G98="","",VALUE(SUBSTITUTE(SUBSTITUTE('JobPlanner Data'!G98,"$",""),",",""))) | G97: ="amount" | H97: =IF('JobPlanner Data'!L98="","","JobPlanner Data'!L98) | I97: =IF('JobPlanner Data'!H98="","","JobPlanner Data'!H98) | J97: =IF('JobPlanner Data'!N98="","",IF(ISNUMBER('JobPlanner Data'!N98),TEXT('JobPlanner Data'!N98,"YYYY-MM-DD"),"")) | K97: =IF('JobPlanner Data'!Q98="","",IF(ISNUMBER('JobPlanner Data'!Q98),TEXT('JobPlanner Data'!Q98,"YYYY-MM-DD"),"")) | L97: =IF('JobPlanner Data'!I98<>"",IF(ISNUMBER('JobPlanner Data'!I98),TEXT('JobPlanner Data'!I98,"YYYY-MM-DD"),""),IF('JobPlanner Data'!T98<>"",IF(ISNUMBER('JobPlanner Data'!T98),TEXT('JobPlanner Data'!T98,"YYYY-MM-DD"),""),"")) | M97: =IF('JobPlanner Data'!S98="","",IF(ISNUMBER('JobPlanner Data'!S98),TEXT('JobPlanner Data'!S98,"YYYY-MM-DD"),"")) | N97: =IF('JobPlanner Data'!R98="","",IF(ISNUMBER('JobPlanner Data'!R98),TEXT('JobPlanner Data'!R98,"YYYY-MM-DD"),"")) | O97: =IF('JobPlanner Data'!U98="","",IF(ISNUMBER('JobPlanner Data'!U98),TEXT('JobPlanner Data'!U98,"YYYY-MM-DD"),"")) | P97: =IF('JobPlanner Data'!O98="","","JobPlanner Data'!O98) | Q97: =IF('JobPlanner Data'!P98="","","JobPlanner Data'!P98)
A98: =IF('JobPlanner Data'!A99="","",IF(ISBLANK('JobPlanner Data'!A99),"",'JobPlanner Data'!A99)) | B98: =IF('JobPlanner Data'!B99="","",LOWER('JobPlanner Data'!B99)) | C98: =IF('JobPlanner Data'!D99<>"","JobPlanner Data'!D99,IF('JobPlanner Data'!F99<>"","JobPlanner Data'!F99,"")) | D98: =IF('JobPlanner Data'!J99="","",LOWER('JobPlanner Data'!J99)) | E98: =IF('JobPlanner Data'!C99="","",IFERROR(VLOOKUP('JobPlanner Data'!C99,'Company Lookup'!A:B,2,FALSE),"[NOT FOUND]")) | F98: =IF('JobPlanner Data'!G99="","",VALUE(SUBSTITUTE(SUBSTITUTE('JobPlanner Data'!G99,"$",""),",",""))) | G98: ="amount" | H98: =IF('JobPlanner Data'!L99="","","JobPlanner Data'!L99) | I98: =IF('JobPlanner Data'!H99="","","JobPlanner Data'!H99) | J98: =IF('JobPlanner Data'!N99="","",IF(ISNUMBER('JobPlanner Data'!N99),TEXT('JobPlanner Data'!N99,"YYYY-MM-DD"),"")) | K98: =IF('JobPlanner Data'!Q99="","",IF(ISNUMBER('JobPlanner Data'!Q99),TEXT('JobPlanner Data'!Q99,"YYYY-MM-DD"),"")) | L98: =IF('JobPlanner Data'!I99<>"",IF(ISNUMBER('JobPlanner Data'!I99),TEXT('JobPlanner Data'!I99,"YYYY-MM-DD"),""),IF('JobPlanner Data'!T99<>"",IF(ISNUMBER('JobPlanner Data'!T99),TEXT('JobPlanner Data'!T99,"YYYY-MM-DD"),""),"")) | M98: =IF('JobPlanner Data'!S99="","",IF(ISNUMBER('JobPlanner Data'!S99),TEXT('JobPlanner Data'!S99,"YYYY-MM-DD"),"")) | N98: =IF('JobPlanner Data'!R99="","",IF(ISNUMBER('JobPlanner Data'!R99),TEXT('JobPlanner Data'!R99,"YYYY-MM-DD"),"")) | O98: =IF('JobPlanner Data'!U99="","",IF(ISNUMBER('JobPlanner Data'!U99),TEXT('JobPlanner Data'!U99,"YYYY-MM-DD"),"")) | P98: =IF('JobPlanner Data'!O99="","","JobPlanner Data'!O99) | Q98: =IF('JobPlanner Data'!P99="","","JobPlanner Data'!P99)

Sheet Alleato Import Ready
A1: Number | B1: Type | C1: Title | D1: Status | E1: Company ID | F1: Original Amount | G1: Accounting Method | H1: Description | I1: Retention Percentage | J1: Start Date | K1: Est. Completion Date | L1: Contract Date | M1: Signed Date | N1: Actual Completion Date | O1: Issued On Date | P1: Inclusions | Q1: Exclusions
A2: ← Copy this data (from row 3 onwards) into Alleato's import template
